id,space_id,feature_id
1,QC/2011,1
2,Q2/0017,2
3,Q3/0013,3
4,Q3/0013,4
5,Q3/0013,5
6,Q3/0013,6
7,Q3/0013,7
8,Q3/0013,8
9,Q3/0013,9
10,Q3/0013,10
11,Q3/0013,11
12,Q3/0013,12
13,Q3/0013,13
14,Q3/0013,14
15,Q3/0013,15
16,Q3/0013,16
17,Q3/0013,17
18,Q3/0013,18
19,Q3/0013,19
20,Q3/0013,20
21,Q3/0013,21
22,Q3/0013,22
23,Q3/0013,23
24,Q3/0013,24
25,Q3/0013,25
26,Q3/0013,26
27,Q3/0013,27
28,Q3/0013,28
29,Q3/0013,29
30,Q3/0013,30
31,Q3/0013,31
32,Q3/0013,32
33,Q3/0013,33
34,Q3/0013,34
35,Q3/0013,35
36,Q3/0013,36
37,Q3/0013,37
38,Q3/0013,38
39,Q3/0013,39
40,Q3/0013,40
41,Q3/0013,41
42,Q3/0013,42
43,Q3/0013,43
44,Q3/0013,44
45,Q3/0013,45
46,Q3/0013,46
47,Q3/0013,47
48,Q3/0013,48
49,Q3/0013,49
50,Q3/0013,50
51,Q3/0013,51
52,Q3/0013,52
53,Q3/0013,53
54,Q3/0013,54
55,Q3/0013,55
56,Q3/0013,56
57,Q3/0013,57
58,Q3/0013,58
59,Q3/0013,59
60,Q3/0013,60
61,Q3/0013,61
62,Q3/0013,62
63,Q5/2007,3
64,Q5/2007,4
65,Q5/2007,5
66,Q5/2007,6
67,Q5/2007,7
68,Q5/2007,8
69,Q5/2007,9
70,Q5/2007,10
71,Q5/2007,11
72,Q5/2007,12
73,Q5/2007,13
74,Q5/2007,14
75,Q5/2007,15
76,Q5/2007,16
77,Q5/2007,17
78,Q5/2007,18
79,Q5/2007,19
80,Q5/2007,20
81,Q5/2007,21
82,Q5/2007,22
83,Q5/2007,23
84,Q5/2007,24
85,Q5/2007,25
86,Q5/2007,26
87,Q5/2007,27
88,Q5/2007,28
89,Q5/2007,29
90,Q5/2007,30
91,Q5/2007,31
92,Q5/2007,32
93,Q5/2007,33
94,Q5/2007,34
95,Q5/2007,35
96,Q5/2007,36
97,Q5/2007,37
98,Q5/2007,38
99,Q5/2007,39
100,Q5/2007,40
101,Q5/2007,41
102,Q5/2007,42
103,Q5/2007,43
104,Q5/2007,44
105,Q5/2007,45
106,Q5/2007,46
107,Q5/2007,47
108,Q5/2007,48
109,Q5/2007,49
110,Q5/2007,50
111,Q5/2007,51
112,Q5/2007,52
113,Q5/2007,53
114,Q5/2007,54
115,Q5/2007,55
116,Q5/2007,56
117,Q5/2007,57
118,Q5/2007,58
119,Q5/2007,59
120,Q5/2007,60
121,Q5/2007,61
122,Q5/2007,62
123,Q2/0011,3
124,Q2/0011,4
125,Q2/0011,5
126,Q2/0011,6
127,Q2/0011,7
128,Q2/0011,8
129,Q2/0011,9
130,Q2/0011,10
131,Q2/0011,11
132,Q2/0011,12
133,Q2/0011,13
134,Q2/0011,14
135,Q2/0011,15
136,Q2/0011,16
137,Q2/0011,17
138,Q2/0011,18
139,Q2/0011,19
140,Q2/0011,20
141,Q2/0011,21
142,Q2/0011,22
143,Q2/0011,23
144,Q2/0011,24
145,Q2/0011,25
146,Q2/0011,26
147,Q2/0011,27
148,Q2/0011,28
149,Q2/0011,29
150,Q2/0011,30
151,Q2/0011,31
152,Q2/0011,32
153,Q2/0011,33
154,Q2/0011,34
155,Q2/0011,35
156,Q2/0011,36
157,Q2/0011,37
158,Q2/0011,38
159,Q2/0011,39
160,Q2/0011,40
161,Q2/0011,41
162,Q2/0011,42
163,Q2/0011,43
164,Q2/0011,44
165,Q2/0011,45
166,Q2/0011,46
167,Q2/0011,47
168,Q2/0011,48
169,Q2/0011,49
170,Q2/0011,50
171,Q2/0011,51
172,Q2/0011,52
173,Q2/0011,53
174,Q2/0011,54
175,Q2/0011,55
176,Q2/0011,56
177,Q2/0011,57
178,Q2/0011,58
179,Q2/0011,59
180,Q2/0011,60
181,Q2/0011,61
182,Q2/0011,62
183,Q3/0003,3
184,Q3/0003,4
185,Q3/0003,5
186,Q3/0003,6
187,Q3/0003,7
188,Q3/0003,8
189,Q3/0003,9
190,Q3/0003,10
191,Q3/0003,11
192,Q3/0003,12
193,Q3/0003,13
194,Q3/0003,14
195,Q3/0003,15
196,Q3/0003,16
197,Q3/0003,17
198,Q3/0003,18
199,Q3/0003,19
200,Q3/0003,20
201,Q3/0003,21
202,Q3/0003,22
203,Q3/0003,23
204,Q3/0003,24
205,Q3/0003,25
206,Q3/0003,26
207,Q3/0003,27
208,Q3/0003,28
209,Q3/0003,29
210,Q3/0003,30
211,Q3/0003,31
212,Q3/0003,32
213,Q3/0003,33
214,Q3/0003,34
215,Q3/0003,35
216,Q3/0003,36
217,Q3/0003,37
218,Q3/0003,38
219,Q3/0003,39
220,Q3/0003,40
221,Q3/0003,41
222,Q3/0003,42
223,Q3/0003,43
224,Q3/0003,44
225,Q3/0003,45
226,Q3/0003,46
227,Q3/0003,47
228,Q3/0003,48
229,Q3/0003,49
230,Q3/0003,50
231,Q3/0003,51
232,Q3/0003,52
233,Q3/0003,53
234,Q3/0003,54
235,Q3/0003,55
236,Q3/0003,56
237,Q3/0003,57
238,Q3/0003,58
239,Q3/0003,59
240,Q3/0003,60
241,Q3/0003,61
242,Q3/0003,62
243,Q1/1003,3
244,Q1/1003,4
245,Q1/1003,5
246,Q1/1003,6
247,Q1/1003,7
248,Q1/1003,8
249,Q1/1003,9
250,Q1/1003,10
251,Q1/1003,11
252,Q1/1003,12
253,Q1/1003,13
254,Q1/1003,14
255,Q1/1003,15
256,Q1/1003,16
257,Q1/1003,17
258,Q1/1003,18
259,Q1/1003,19
260,Q1/1003,20
261,Q1/1003,21
262,Q1/1003,22
263,Q1/1003,23
264,Q1/1003,24
265,Q1/1003,25
266,Q1/1003,26
267,Q1/1003,27
268,Q1/1003,28
269,Q1/1003,29
270,Q1/1003,30
271,Q1/1003,31
272,Q1/1003,32
273,Q1/1003,33
274,Q1/1003,34
275,Q1/1003,35
276,Q1/1003,36
277,Q1/1003,37
278,Q1/1003,38
279,Q1/1003,39
280,Q1/1003,40
281,Q1/1003,41
282,Q1/1003,42
283,Q1/1003,43
284,Q1/1003,44
285,Q1/1003,45
286,Q1/1003,46
287,Q1/1003,47
288,Q1/1003,48
289,Q1/1003,49
290,Q1/1003,50
291,Q1/1003,51
292,Q1/1003,52
293,Q1/1003,53
294,Q1/1003,54
295,Q1/1003,55
296,Q1/1003,56
297,Q1/1003,57
298,Q1/1003,58
299,Q1/1003,59
300,Q1/1003,60
301,Q1/1003,61
302,Q1/1003,62
303,Q3/0013,3
304,Q3/0013,4
305,Q3/0013,5
306,Q3/0013,6
307,Q3/0013,7
308,Q3/0013,8
309,Q3/0013,9
310,Q3/0013,10
311,Q3/0013,11
312,Q3/0013,12
313,Q3/0013,13
314,Q3/0013,14
315,Q3/0013,15
316,Q3/0013,16
317,Q3/0013,17
318,Q3/0013,18
319,Q3/0013,19
320,Q3/0013,20
321,Q3/0013,21
322,Q3/0013,22
323,Q3/0013,23
324,Q3/0013,24
325,Q3/0013,25
326,Q3/0013,26
327,Q3/0013,27
328,Q3/0013,28
329,Q3/0013,29
330,Q3/0013,30
331,Q3/0013,31
332,Q3/0013,32
333,Q3/0013,33
334,Q3/0013,34
335,Q3/0013,35
336,Q3/0013,36
337,Q3/0013,37
338,Q3/0013,38
339,Q3/0013,39
340,Q3/0013,40
341,Q3/0013,41
342,Q3/0013,42
343,Q3/0013,43
344,Q3/0013,44
345,Q3/0013,45
346,Q3/0013,46
347,Q3/0013,47
348,Q3/0013,48
349,Q3/0013,49
350,Q3/0013,50
351,Q3/0013,51
352,Q3/0013,52
353,Q3/0013,53
354,Q3/0013,54
355,Q3/0013,55
356,Q3/0013,56
357,Q3/0013,57
358,Q3/0013,58
359,Q3/0013,59
360,Q3/0013,60
361,Q3/0013,61
362,Q3/0013,62
363,Q2/0013,4
364,Q2/0013,5
365,Q2/0013,6
366,Q2/0013,7
367,Q2/0013,8
368,Q2/0013,9
369,Q2/0013,10
370,Q2/0013,11
371,Q2/0013,12
372,Q2/0013,13
373,Q2/0013,14
374,Q2/0013,15
375,Q2/0013,16
376,Q2/0013,17
377,Q2/0013,18
378,Q2/0013,19
379,Q2/0013,20
380,Q2/0013,21
381,Q2/0013,22
382,Q2/0013,23
383,Q2/0013,24
384,Q2/0013,25
385,Q2/0013,26
386,Q2/0013,27
387,Q2/0013,28
388,Q2/0013,29
389,Q2/0013,30
390,Q2/0013,31
391,Q2/0013,32
392,Q2/0013,33
393,Q2/0013,34
394,Q2/0013,35
395,Q2/0013,36
396,Q2/0013,37
397,Q2/0013,38
398,Q2/0013,39
399,Q2/0013,40
400,Q2/0013,41
401,Q2/0013,42
402,Q2/0013,43
403,Q2/0013,44
404,Q2/0013,45
405,Q2/0013,46
406,Q2/0013,47
407,Q2/0013,48
408,Q2/0013,49
409,Q2/0013,50
410,Q2/0013,51
411,Q2/0013,52
412,Q2/0013,53
413,Q2/0013,54
414,Q2/0013,55
415,Q2/0013,56
416,Q2/0013,57
417,Q2/0013,58
418,Q2/0013,59
419,Q2/0013,60
420,Q2/0013,61
421,Q2/0013,62
422,QC/2015,4
423,Q6/1012,5
424,Q6/2008,6
425,Q6/1011,7
426,QC/2082,8
427,Q1/1011,9
428,QC/2015,10
429,Q4/0011,11
430,Q4/0011,12
431,Q4/0011,13
432,Q4/0011,14
433,Q4/0011,15
434,Q4/0011,16
435,Q4/0011,17
436,Q4/0011,18
437,Q4/0011,19
438,Q4/0011,20
439,Q4/0011,21
440,Q4/0011,22
441,Q4/0011,23
442,Q4/0011,24
443,Q4/0011,25
444,Q4/0011,26
445,Q4/0011,27
446,Q4/0011,28
447,Q4/0011,29
448,Q4/0011,30
449,Q4/0011,31
450,Q4/0011,32
451,Q4/0011,33
452,Q4/0011,34
453,Q4/0011,35
454,Q4/0011,36
455,Q4/0011,37
456,Q4/0011,38
457,Q4/0011,39
458,Q4/0011,40
459,Q4/0011,41
460,Q4/0011,42
461,Q4/0011,43
462,Q4/0011,44
463,Q4/0011,45
464,Q4/0011,46
465,Q4/0011,47
466,Q4/0011,48
467,Q4/0011,49
468,Q4/0011,50
469,Q4/0011,51
470,Q4/0011,52
471,Q4/0011,53
472,Q4/0011,54
473,Q4/0011,55
474,Q4/0011,56
475,Q4/0011,57
476,Q4/0011,58
477,Q4/0011,59
478,Q4/0011,60
479,Q4/0011,61
480,Q4/0011,62
481,Q6/2008,11
482,QC/3010,12
483,QC/3010,13
484,QC/3010,14
485,QC/3010,15
486,QC/3010,16
487,QC/3010,17
488,QC/3010,18
489,QC/3010,19
490,QC/3010,20
491,QC/3010,21
492,QC/3010,22
493,QC/3010,23
494,QC/3010,24
495,QC/3010,25
496,QC/3010,26
497,QC/3010,27
498,QC/3010,28
499,QC/3010,29
500,QC/3010,30
501,QC/3010,31
502,QC/3010,32
503,QC/3010,33
504,QC/3010,34
505,QC/3010,35
506,QC/3010,36
507,QC/3010,37
508,QC/3010,38
509,QC/3010,39
510,QC/3010,40
511,QC/3010,41
512,QC/3010,42
513,QC/3010,43
514,QC/3010,44
515,QC/3010,45
516,QC/3010,46
517,QC/3010,47
518,QC/3010,48
519,QC/3010,49
520,QC/3010,50
521,QC/3010,51
522,QC/3010,52
523,QC/3010,53
524,QC/3010,54
525,QC/3010,55
526,QC/3010,56
527,QC/3010,57
528,QC/3010,58
529,QC/3010,59
530,QC/3010,60
531,QC/3010,61
532,QC/3010,62
533,Q1/0019,12
534,Q1/0019,13
535,Q1/0019,14
536,Q1/0019,15
537,Q1/0019,16
538,Q1/0019,17
539,Q1/0019,18
540,Q1/0019,19
541,Q1/0019,20
542,Q1/0019,21
543,Q1/0019,22
544,Q1/0019,23
545,Q1/0019,24
546,Q1/0019,25
547,Q1/0019,26
548,Q1/0019,27
549,Q1/0019,28
550,Q1/0019,29
551,Q1/0019,30
552,Q1/0019,31
553,Q1/0019,32
554,Q1/0019,33
555,Q1/0019,34
556,Q1/0019,35
557,Q1/0019,36
558,Q1/0019,37
559,Q1/0019,38
560,Q1/0019,39
561,Q1/0019,40
562,Q1/0019,41
563,Q1/0019,42
564,Q1/0019,43
565,Q1/0019,44
566,Q1/0019,45
567,Q1/0019,46
568,Q1/0019,47
569,Q1/0019,48
570,Q1/0019,49
571,Q1/0019,50
572,Q1/0019,51
573,Q1/0019,52
574,Q1/0019,53
575,Q1/0019,54
576,Q1/0019,55
577,Q1/0019,56
578,Q1/0019,57
579,Q1/0019,58
580,Q1/0019,59
581,Q1/0019,60
582,Q1/0019,61
583,Q1/0019,62
584,Q6/2005,12
585,Q6/2005,13
586,Q6/2005,14
587,Q6/2005,15
588,Q6/2005,16
589,Q6/2005,17
590,Q6/2005,18
591,Q6/2005,19
592,Q6/2005,20
593,Q6/2005,21
594,Q6/2005,22
595,Q6/2005,23
596,Q6/2005,24
597,Q6/2005,25
598,Q6/2005,26
599,Q6/2005,27
600,Q6/2005,28
601,Q6/2005,29
602,Q6/2005,30
603,Q6/2005,31
604,Q6/2005,32
605,Q6/2005,33
606,Q6/2005,34
607,Q6/2005,35
608,Q6/2005,36
609,Q6/2005,37
610,Q6/2005,38
611,Q6/2005,39
612,Q6/2005,40
613,Q6/2005,41
614,Q6/2005,42
615,Q6/2005,43
616,Q6/2005,44
617,Q6/2005,45
618,Q6/2005,46
619,Q6/2005,47
620,Q6/2005,48
621,Q6/2005,49
622,Q6/2005,50
623,Q6/2005,51
624,Q6/2005,52
625,Q6/2005,53
626,Q6/2005,54
627,Q6/2005,55
628,Q6/2005,56
629,Q6/2005,57
630,Q6/2005,58
631,Q6/2005,59
632,Q6/2005,60
633,Q6/2005,61
634,Q6/2005,62
635,Q5/2008,12
636,Q5/2008,13
637,Q5/2008,14
638,Q5/2008,15
639,Q5/2008,16
640,Q5/2008,17
641,Q5/2008,18
642,Q5/2008,19
643,Q5/2008,20
644,Q5/2008,21
645,Q5/2008,22
646,Q5/2008,23
647,Q5/2008,24
648,Q5/2008,25
649,Q5/2008,26
650,Q5/2008,27
651,Q5/2008,28
652,Q5/2008,29
653,Q5/2008,30
654,Q5/2008,31
655,Q5/2008,32
656,Q5/2008,33
657,Q5/2008,34
658,Q5/2008,35
659,Q5/2008,36
660,Q5/2008,37
661,Q5/2008,38
662,Q5/2008,39
663,Q5/2008,40
664,Q5/2008,41
665,Q5/2008,42
666,Q5/2008,43
667,Q5/2008,44
668,Q5/2008,45
669,Q5/2008,46
670,Q5/2008,47
671,Q5/2008,48
672,Q5/2008,49
673,Q5/2008,50
674,Q5/2008,51
675,Q5/2008,52
676,Q5/2008,53
677,Q5/2008,54
678,Q5/2008,55
679,Q5/2008,56
680,Q5/2008,57
681,Q5/2008,58
682,Q5/2008,59
683,Q5/2008,60
684,Q5/2008,61
685,Q5/2008,62
686,Q5/1009,12
687,Q5/1009,13
688,Q5/1009,14
689,Q5/1009,15
690,Q5/1009,16
691,Q5/1009,17
692,Q5/1009,18
693,Q5/1009,19
694,Q5/1009,20
695,Q5/1009,21
696,Q5/1009,22
697,Q5/1009,23
698,Q5/1009,24
699,Q5/1009,25
700,Q5/1009,26
701,Q5/1009,27
702,Q5/1009,28
703,Q5/1009,29
704,Q5/1009,30
705,Q5/1009,31
706,Q5/1009,32
707,Q5/1009,33
708,Q5/1009,34
709,Q5/1009,35
710,Q5/1009,36
711,Q5/1009,37
712,Q5/1009,38
713,Q5/1009,39
714,Q5/1009,40
715,Q5/1009,41
716,Q5/1009,42
717,Q5/1009,43
718,Q5/1009,44
719,Q5/1009,45
720,Q5/1009,46
721,Q5/1009,47
722,Q5/1009,48
723,Q5/1009,49
724,Q5/1009,50
725,Q5/1009,51
726,Q5/1009,52
727,Q5/1009,53
728,Q5/1009,54
729,Q5/1009,55
730,Q5/1009,56
731,Q5/1009,57
732,Q5/1009,58
733,Q5/1009,59
734,Q5/1009,60
735,Q5/1009,61
736,Q5/1009,62
737,QC/2011,12
738,QC/2011,13
739,QC/2011,14
740,QC/2011,15
741,QC/2011,16
742,QC/2011,17
743,QC/2011,18
744,QC/2011,19
745,QC/2011,20
746,QC/2011,21
747,QC/2011,22
748,QC/2011,23
749,QC/2011,24
750,QC/2011,25
751,QC/2011,26
752,QC/2011,27
753,QC/2011,28
754,QC/2011,29
755,QC/2011,30
756,QC/2011,31
757,QC/2011,32
758,QC/2011,33
759,QC/2011,34
760,QC/2011,35
761,QC/2011,36
762,QC/2011,37
763,QC/2011,38
764,QC/2011,39
765,QC/2011,40
766,QC/2011,41
767,QC/2011,42
768,QC/2011,43
769,QC/2011,44
770,QC/2011,45
771,QC/2011,46
772,QC/2011,47
773,QC/2011,48
774,QC/2011,49
775,QC/2011,50
776,QC/2011,51
777,QC/2011,52
778,QC/2011,53
779,QC/2011,54
780,QC/2011,55
781,QC/2011,56
782,QC/2011,57
783,QC/2011,58
784,QC/2011,59
785,QC/2011,60
786,QC/2011,61
787,QC/2011,62
788,Q4/0011,12
789,Q4/0011,13
790,Q4/0011,14
791,Q4/0011,15
792,Q4/0011,16
793,Q4/0011,17
794,Q4/0011,18
795,Q4/0011,19
796,Q4/0011,20
797,Q4/0011,21
798,Q4/0011,22
799,Q4/0011,23
800,Q4/0011,24
801,Q4/0011,25
802,Q4/0011,26
803,Q4/0011,27
804,Q4/0011,28
805,Q4/0011,29
806,Q4/0011,30
807,Q4/0011,31
808,Q4/0011,32
809,Q4/0011,33
810,Q4/0011,34
811,Q4/0011,35
812,Q4/0011,36
813,Q4/0011,37
814,Q4/0011,38
815,Q4/0011,39
816,Q4/0011,40
817,Q4/0011,41
818,Q4/0011,42
819,Q4/0011,43
820,Q4/0011,44
821,Q4/0011,45
822,Q4/0011,46
823,Q4/0011,47
824,Q4/0011,48
825,Q4/0011,49
826,Q4/0011,50
827,Q4/0011,51
828,Q4/0011,52
829,Q4/0011,53
830,Q4/0011,54
831,Q4/0011,55
832,Q4/0011,56
833,Q4/0011,57
834,Q4/0011,58
835,Q4/0011,59
836,Q4/0011,60
837,Q4/0011,61
838,Q4/0011,62
839,Q6/0006,12
840,Q6/0006,13
841,Q6/0006,14
842,Q6/0006,15
843,Q6/0006,16
844,Q6/0006,17
845,Q6/0006,18
846,Q6/0006,19
847,Q6/0006,20
848,Q6/0006,21
849,Q6/0006,22
850,Q6/0006,23
851,Q6/0006,24
852,Q6/0006,25
853,Q6/0006,26
854,Q6/0006,27
855,Q6/0006,28
856,Q6/0006,29
857,Q6/0006,30
858,Q6/0006,31
859,Q6/0006,32
860,Q6/0006,33
861,Q6/0006,34
862,Q6/0006,35
863,Q6/0006,36
864,Q6/0006,37
865,Q6/0006,38
866,Q6/0006,39
867,Q6/0006,40
868,Q6/0006,41
869,Q6/0006,42
870,Q6/0006,43
871,Q6/0006,44
872,Q6/0006,45
873,Q6/0006,46
874,Q6/0006,47
875,Q6/0006,48
876,Q6/0006,49
877,Q6/0006,50
878,Q6/0006,51
879,Q6/0006,52
880,Q6/0006,53
881,Q6/0006,54
882,Q6/0006,55
883,Q6/0006,56
884,Q6/0006,57
885,Q6/0006,58
886,Q6/0006,59
887,Q6/0006,60
888,Q6/0006,61
889,Q6/0006,62
890,Q6/1012,12
891,Q5/2003,13
892,QC/2101,14
893,Q6/2004,15
894,Q5/2006,16
895,Q5/2006,17
896,Q5/2006,18
897,Q5/2006,19
898,Q5/2006,20
899,Q5/2006,21
900,Q5/2006,22
901,Q5/2006,23
902,Q5/2006,24
903,Q5/2006,25
904,Q5/2006,26
905,Q5/2006,27
906,Q5/2006,28
907,Q5/2006,29
908,Q5/2006,30
909,Q5/2006,31
910,Q5/2006,32
911,Q5/2006,33
912,Q5/2006,34
913,Q5/2006,35
914,Q5/2006,36
915,Q5/2006,37
916,Q5/2006,38
917,Q5/2006,39
918,Q5/2006,40
919,Q5/2006,41
920,Q5/2006,42
921,Q5/2006,43
922,Q5/2006,44
923,Q5/2006,45
924,Q5/2006,46
925,Q5/2006,47
926,Q5/2006,48
927,Q5/2006,49
928,Q5/2006,50
929,Q5/2006,51
930,Q5/2006,52
931,Q5/2006,53
932,Q5/2006,54
933,Q5/2006,55
934,Q5/2006,56
935,Q5/2006,57
936,Q5/2006,58
937,Q5/2006,59
938,Q5/2006,60
939,Q5/2006,61
940,Q5/2006,62
941,Q4/0011,16
942,Q4/0011,17
943,Q4/0011,18
944,Q4/0011,19
945,Q4/0011,20
946,Q4/0011,21
947,Q4/0011,22
948,Q4/0011,23
949,Q4/0011,24
950,Q4/0011,25
951,Q4/0011,26
952,Q4/0011,27
953,Q4/0011,28
954,Q4/0011,29
955,Q4/0011,30
956,Q4/0011,31
957,Q4/0011,32
958,Q4/0011,33
959,Q4/0011,34
960,Q4/0011,35
961,Q4/0011,36
962,Q4/0011,37
963,Q4/0011,38
964,Q4/0011,39
965,Q4/0011,40
966,Q4/0011,41
967,Q4/0011,42
968,Q4/0011,43
969,Q4/0011,44
970,Q4/0011,45
971,Q4/0011,46
972,Q4/0011,47
973,Q4/0011,48
974,Q4/0011,49
975,Q4/0011,50
976,Q4/0011,51
977,Q4/0011,52
978,Q4/0011,53
979,Q4/0011,54
980,Q4/0011,55
981,Q4/0011,56
982,Q4/0011,57
983,Q4/0011,58
984,Q4/0011,59
985,Q4/0011,60
986,Q4/0011,61
987,Q4/0011,62
988,QC/0067,16
989,QC/0067,17
990,QC/0067,18
991,QC/0067,19
992,QC/0067,20
993,QC/0067,21
994,QC/0067,22
995,QC/0067,23
996,QC/0067,24
997,QC/0067,25
998,QC/0067,26
999,QC/0067,27
1000,QC/0067,28
1001,QC/0067,29
1002,QC/0067,30
1003,QC/0067,31
1004,QC/0067,32
1005,QC/0067,33
1006,QC/0067,34
1007,QC/0067,35
1008,QC/0067,36
1009,QC/0067,37
1010,QC/0067,38
1011,QC/0067,39
1012,QC/0067,40
1013,QC/0067,41
1014,QC/0067,42
1015,QC/0067,43
1016,QC/0067,44
1017,QC/0067,45
1018,QC/0067,46
1019,QC/0067,47
1020,QC/0067,48
1021,QC/0067,49
1022,QC/0067,50
1023,QC/0067,51
1024,QC/0067,52
1025,QC/0067,53
1026,QC/0067,54
1027,QC/0067,55
1028,QC/0067,56
1029,QC/0067,57
1030,QC/0067,58
1031,QC/0067,59
1032,QC/0067,60
1033,QC/0067,61
1034,QC/0067,62
1035,Q2/0011,16
1036,Q2/0011,17
1037,Q2/0011,18
1038,Q2/0011,19
1039,Q2/0011,20
1040,Q2/0011,21
1041,Q2/0011,22
1042,Q2/0011,23
1043,Q2/0011,24
1044,Q2/0011,25
1045,Q2/0011,26
1046,Q2/0011,27
1047,Q2/0011,28
1048,Q2/0011,29
1049,Q2/0011,30
1050,Q2/0011,31
1051,Q2/0011,32
1052,Q2/0011,33
1053,Q2/0011,34
1054,Q2/0011,35
1055,Q2/0011,36
1056,Q2/0011,37
1057,Q2/0011,38
1058,Q2/0011,39
1059,Q2/0011,40
1060,Q2/0011,41
1061,Q2/0011,42
1062,Q2/0011,43
1063,Q2/0011,44
1064,Q2/0011,45
1065,Q2/0011,46
1066,Q2/0011,47
1067,Q2/0011,48
1068,Q2/0011,49
1069,Q2/0011,50
1070,Q2/0011,51
1071,Q2/0011,52
1072,Q2/0011,53
1073,Q2/0011,54
1074,Q2/0011,55
1075,Q2/0011,56
1076,Q2/0011,57
1077,Q2/0011,58
1078,Q2/0011,59
1079,Q2/0011,60
1080,Q2/0011,61
1081,Q2/0011,62
1082,Q2/0001,16
1083,Q2/0001,17
1084,Q2/0001,18
1085,Q2/0001,19
1086,Q2/0001,20
1087,Q2/0001,21
1088,Q2/0001,22
1089,Q2/0001,23
1090,Q2/0001,24
1091,Q2/0001,25
1092,Q2/0001,26
1093,Q2/0001,27
1094,Q2/0001,28
1095,Q2/0001,29
1096,Q2/0001,30
1097,Q2/0001,31
1098,Q2/0001,32
1099,Q2/0001,33
1100,Q2/0001,34
1101,Q2/0001,35
1102,Q2/0001,36
1103,Q2/0001,37
1104,Q2/0001,38
1105,Q2/0001,39
1106,Q2/0001,40
1107,Q2/0001,41
1108,Q2/0001,42
1109,Q2/0001,43
1110,Q2/0001,44
1111,Q2/0001,45
1112,Q2/0001,46
1113,Q2/0001,47
1114,Q2/0001,48
1115,Q2/0001,49
1116,Q2/0001,50
1117,Q2/0001,51
1118,Q2/0001,52
1119,Q2/0001,53
1120,Q2/0001,54
1121,Q2/0001,55
1122,Q2/0001,56
1123,Q2/0001,57
1124,Q2/0001,58
1125,Q2/0001,59
1126,Q2/0001,60
1127,Q2/0001,61
1128,Q2/0001,62
1129,Q5/2007,16
1130,Q5/2007,17
1131,Q5/2007,18
1132,Q5/2007,19
1133,Q5/2007,20
1134,Q5/2007,21
1135,Q5/2007,22
1136,Q5/2007,23
1137,Q5/2007,24
1138,Q5/2007,25
1139,Q5/2007,26
1140,Q5/2007,27
1141,Q5/2007,28
1142,Q5/2007,29
1143,Q5/2007,30
1144,Q5/2007,31
1145,Q5/2007,32
1146,Q5/2007,33
1147,Q5/2007,34
1148,Q5/2007,35
1149,Q5/2007,36
1150,Q5/2007,37
1151,Q5/2007,38
1152,Q5/2007,39
1153,Q5/2007,40
1154,Q5/2007,41
1155,Q5/2007,42
1156,Q5/2007,43
1157,Q5/2007,44
1158,Q5/2007,45
1159,Q5/2007,46
1160,Q5/2007,47
1161,Q5/2007,48
1162,Q5/2007,49
1163,Q5/2007,50
1164,Q5/2007,51
1165,Q5/2007,52
1166,Q5/2007,53
1167,Q5/2007,54
1168,Q5/2007,55
1169,Q5/2007,56
1170,Q5/2007,57
1171,Q5/2007,58
1172,Q5/2007,59
1173,Q5/2007,60
1174,Q5/2007,61
1175,Q5/2007,62
1176,Q2/1013,16
1177,Q2/1013,17
1178,Q2/1013,18
1179,Q2/1013,19
1180,Q2/1013,20
1181,Q2/1013,21
1182,Q2/1013,22
1183,Q2/1013,23
1184,Q2/1013,24
1185,Q2/1013,25
1186,Q2/1013,26
1187,Q2/1013,27
1188,Q2/1013,28
1189,Q2/1013,29
1190,Q2/1013,30
1191,Q2/1013,31
1192,Q2/1013,32
1193,Q2/1013,33
1194,Q2/1013,34
1195,Q2/1013,35
1196,Q2/1013,36
1197,Q2/1013,37
1198,Q2/1013,38
1199,Q2/1013,39
1200,Q2/1013,40
1201,Q2/1013,41
1202,Q2/1013,42
1203,Q2/1013,43
1204,Q2/1013,44
1205,Q2/1013,45
1206,Q2/1013,46
1207,Q2/1013,47
1208,Q2/1013,48
1209,Q2/1013,49
1210,Q2/1013,50
1211,Q2/1013,51
1212,Q2/1013,52
1213,Q2/1013,53
1214,Q2/1013,54
1215,Q2/1013,55
1216,Q2/1013,56
1217,Q2/1013,57
1218,Q2/1013,58
1219,Q2/1013,59
1220,Q2/1013,60
1221,Q2/1013,61
1222,Q2/1013,62
1223,Q4/0011,16
1224,Q4/0011,17
1225,Q4/0011,18
1226,Q4/0011,19
1227,Q4/0011,20
1228,Q4/0011,21
1229,Q4/0011,22
1230,Q4/0011,23
1231,Q4/0011,24
1232,Q4/0011,25
1233,Q4/0011,26
1234,Q4/0011,27
1235,Q4/0011,28
1236,Q4/0011,29
1237,Q4/0011,30
1238,Q4/0011,31
1239,Q4/0011,32
1240,Q4/0011,33
1241,Q4/0011,34
1242,Q4/0011,35
1243,Q4/0011,36
1244,Q4/0011,37
1245,Q4/0011,38
1246,Q4/0011,39
1247,Q4/0011,40
1248,Q4/0011,41
1249,Q4/0011,42
1250,Q4/0011,43
1251,Q4/0011,44
1252,Q4/0011,45
1253,Q4/0011,46
1254,Q4/0011,47
1255,Q4/0011,48
1256,Q4/0011,49
1257,Q4/0011,50
1258,Q4/0011,51
1259,Q4/0011,52
1260,Q4/0011,53
1261,Q4/0011,54
1262,Q4/0011,55
1263,Q4/0011,56
1264,Q4/0011,57
1265,Q4/0011,58
1266,Q4/0011,59
1267,Q4/0011,60
1268,Q4/0011,61
1269,Q4/0011,62
1270,QC/0067,16
1271,QC/0067,17
1272,QC/0067,18
1273,QC/0067,19
1274,QC/0067,20
1275,QC/0067,21
1276,QC/0067,22
1277,QC/0067,23
1278,QC/0067,24
1279,QC/0067,25
1280,QC/0067,26
1281,QC/0067,27
1282,QC/0067,28
1283,QC/0067,29
1284,QC/0067,30
1285,QC/0067,31
1286,QC/0067,32
1287,QC/0067,33
1288,QC/0067,34
1289,QC/0067,35
1290,QC/0067,36
1291,QC/0067,37
1292,QC/0067,38
1293,QC/0067,39
1294,QC/0067,40
1295,QC/0067,41
1296,QC/0067,42
1297,QC/0067,43
1298,QC/0067,44
1299,QC/0067,45
1300,QC/0067,46
1301,QC/0067,47
1302,QC/0067,48
1303,QC/0067,49
1304,QC/0067,50
1305,QC/0067,51
1306,QC/0067,52
1307,QC/0067,53
1308,QC/0067,54
1309,QC/0067,55
1310,QC/0067,56
1311,QC/0067,57
1312,QC/0067,58
1313,QC/0067,59
1314,QC/0067,60
1315,QC/0067,61
1316,QC/0067,62
1317,Q1/1007,16
1318,Q1/1007,17
1319,Q1/1007,18
1320,Q1/1007,19
1321,Q1/1007,20
1322,Q1/1007,21
1323,Q1/1007,22
1324,Q1/1007,23
1325,Q1/1007,24
1326,Q1/1007,25
1327,Q1/1007,26
1328,Q1/1007,27
1329,Q1/1007,28
1330,Q1/1007,29
1331,Q1/1007,30
1332,Q1/1007,31
1333,Q1/1007,32
1334,Q1/1007,33
1335,Q1/1007,34
1336,Q1/1007,35
1337,Q1/1007,36
1338,Q1/1007,37
1339,Q1/1007,38
1340,Q1/1007,39
1341,Q1/1007,40
1342,Q1/1007,41
1343,Q1/1007,42
1344,Q1/1007,43
1345,Q1/1007,44
1346,Q1/1007,45
1347,Q1/1007,46
1348,Q1/1007,47
1349,Q1/1007,48
1350,Q1/1007,49
1351,Q1/1007,50
1352,Q1/1007,51
1353,Q1/1007,52
1354,Q1/1007,53
1355,Q1/1007,54
1356,Q1/1007,55
1357,Q1/1007,56
1358,Q1/1007,57
1359,Q1/1007,58
1360,Q1/1007,59
1361,Q1/1007,60
1362,Q1/1007,61
1363,Q1/1007,62
1364,Q4/1009,16
1365,Q4/1009,17
1366,Q4/1009,18
1367,Q4/1009,19
1368,Q4/1009,20
1369,Q4/1009,21
1370,Q4/1009,22
1371,Q4/1009,23
1372,Q4/1009,24
1373,Q4/1009,25
1374,Q4/1009,26
1375,Q4/1009,27
1376,Q4/1009,28
1377,Q4/1009,29
1378,Q4/1009,30
1379,Q4/1009,31
1380,Q4/1009,32
1381,Q4/1009,33
1382,Q4/1009,34
1383,Q4/1009,35
1384,Q4/1009,36
1385,Q4/1009,37
1386,Q4/1009,38
1387,Q4/1009,39
1388,Q4/1009,40
1389,Q4/1009,41
1390,Q4/1009,42
1391,Q4/1009,43
1392,Q4/1009,44
1393,Q4/1009,45
1394,Q4/1009,46
1395,Q4/1009,47
1396,Q4/1009,48
1397,Q4/1009,49
1398,Q4/1009,50
1399,Q4/1009,51
1400,Q4/1009,52
1401,Q4/1009,53
1402,Q4/1009,54
1403,Q4/1009,55
1404,Q4/1009,56
1405,Q4/1009,57
1406,Q4/1009,58
1407,Q4/1009,59
1408,Q4/1009,60
1409,Q4/1009,61
1410,Q4/1009,62
1411,Q6/1014,16
1412,Q6/1014,17
1413,Q6/1014,18
1414,Q6/1014,19
1415,Q6/1014,20
1416,Q6/1014,21
1417,Q6/1014,22
1418,Q6/1014,23
1419,Q6/1014,24
1420,Q6/1014,25
1421,Q6/1014,26
1422,Q6/1014,27
1423,Q6/1014,28
1424,Q6/1014,29
1425,Q6/1014,30
1426,Q6/1014,31
1427,Q6/1014,32
1428,Q6/1014,33
1429,Q6/1014,34
1430,Q6/1014,35
1431,Q6/1014,36
1432,Q6/1014,37
1433,Q6/1014,38
1434,Q6/1014,39
1435,Q6/1014,40
1436,Q6/1014,41
1437,Q6/1014,42
1438,Q6/1014,43
1439,Q6/1014,44
1440,Q6/1014,45
1441,Q6/1014,46
1442,Q6/1014,47
1443,Q6/1014,48
1444,Q6/1014,49
1445,Q6/1014,50
1446,Q6/1014,51
1447,Q6/1014,52
1448,Q6/1014,53
1449,Q6/1014,54
1450,Q6/1014,55
1451,Q6/1014,56
1452,Q6/1014,57
1453,Q6/1014,58
1454,Q6/1014,59
1455,Q6/1014,60
1456,Q6/1014,61
1457,Q6/1014,62
1458,Q5/2007,16
1459,Q5/2007,17
1460,Q5/2007,18
1461,Q5/2007,19
1462,Q5/2007,20
1463,Q5/2007,21
1464,Q5/2007,22
1465,Q5/2007,23
1466,Q5/2007,24
1467,Q5/2007,25
1468,Q5/2007,26
1469,Q5/2007,27
1470,Q5/2007,28
1471,Q5/2007,29
1472,Q5/2007,30
1473,Q5/2007,31
1474,Q5/2007,32
1475,Q5/2007,33
1476,Q5/2007,34
1477,Q5/2007,35
1478,Q5/2007,36
1479,Q5/2007,37
1480,Q5/2007,38
1481,Q5/2007,39
1482,Q5/2007,40
1483,Q5/2007,41
1484,Q5/2007,42
1485,Q5/2007,43
1486,Q5/2007,44
1487,Q5/2007,45
1488,Q5/2007,46
1489,Q5/2007,47
1490,Q5/2007,48
1491,Q5/2007,49
1492,Q5/2007,50
1493,Q5/2007,51
1494,Q5/2007,52
1495,Q5/2007,53
1496,Q5/2007,54
1497,Q5/2007,55
1498,Q5/2007,56
1499,Q5/2007,57
1500,Q5/2007,58
1501,Q5/2007,59
1502,Q5/2007,60
1503,Q5/2007,61
1504,Q5/2007,62
1505,QC/2099,16
1506,QC/2099,17
1507,QC/2099,18
1508,QC/2099,19
1509,QC/2099,20
1510,QC/2099,21
1511,QC/2099,22
1512,QC/2099,23
1513,QC/2099,24
1514,QC/2099,25
1515,QC/2099,26
1516,QC/2099,27
1517,QC/2099,28
1518,QC/2099,29
1519,QC/2099,30
1520,QC/2099,31
1521,QC/2099,32
1522,QC/2099,33
1523,QC/2099,34
1524,QC/2099,35
1525,QC/2099,36
1526,QC/2099,37
1527,QC/2099,38
1528,QC/2099,39
1529,QC/2099,40
1530,QC/2099,41
1531,QC/2099,42
1532,QC/2099,43
1533,QC/2099,44
1534,QC/2099,45
1535,QC/2099,46
1536,QC/2099,47
1537,QC/2099,48
1538,QC/2099,49
1539,QC/2099,50
1540,QC/2099,51
1541,QC/2099,52
1542,QC/2099,53
1543,QC/2099,54
1544,QC/2099,55
1545,QC/2099,56
1546,QC/2099,57
1547,QC/2099,58
1548,QC/2099,59
1549,QC/2099,60
1550,QC/2099,61
1551,QC/2099,62
1552,Q5/2008,16
1553,Q5/2008,17
1554,Q5/2008,18
1555,Q5/2008,19
1556,Q5/2008,20
1557,Q5/2008,21
1558,Q5/2008,22
1559,Q5/2008,23
1560,Q5/2008,24
1561,Q5/2008,25
1562,Q5/2008,26
1563,Q5/2008,27
1564,Q5/2008,28
1565,Q5/2008,29
1566,Q5/2008,30
1567,Q5/2008,31
1568,Q5/2008,32
1569,Q5/2008,33
1570,Q5/2008,34
1571,Q5/2008,35
1572,Q5/2008,36
1573,Q5/2008,37
1574,Q5/2008,38
1575,Q5/2008,39
1576,Q5/2008,40
1577,Q5/2008,41
1578,Q5/2008,42
1579,Q5/2008,43
1580,Q5/2008,44
1581,Q5/2008,45
1582,Q5/2008,46
1583,Q5/2008,47
1584,Q5/2008,48
1585,Q5/2008,49
1586,Q5/2008,50
1587,Q5/2008,51
1588,Q5/2008,52
1589,Q5/2008,53
1590,Q5/2008,54
1591,Q5/2008,55
1592,Q5/2008,56
1593,Q5/2008,57
1594,Q5/2008,58
1595,Q5/2008,59
1596,Q5/2008,60
1597,Q5/2008,61
1598,Q5/2008,62
1599,Q5/1006,16
1600,Q5/1006,17
1601,Q5/1006,18
1602,Q5/1006,19
1603,Q5/1006,20
1604,Q5/1006,21
1605,Q5/1006,22
1606,Q5/1006,23
1607,Q5/1006,24
1608,Q5/1006,25
1609,Q5/1006,26
1610,Q5/1006,27
1611,Q5/1006,28
1612,Q5/1006,29
1613,Q5/1006,30
1614,Q5/1006,31
1615,Q5/1006,32
1616,Q5/1006,33
1617,Q5/1006,34
1618,Q5/1006,35
1619,Q5/1006,36
1620,Q5/1006,37
1621,Q5/1006,38
1622,Q5/1006,39
1623,Q5/1006,40
1624,Q5/1006,41
1625,Q5/1006,42
1626,Q5/1006,43
1627,Q5/1006,44
1628,Q5/1006,45
1629,Q5/1006,46
1630,Q5/1006,47
1631,Q5/1006,48
1632,Q5/1006,49
1633,Q5/1006,50
1634,Q5/1006,51
1635,Q5/1006,52
1636,Q5/1006,53
1637,Q5/1006,54
1638,Q5/1006,55
1639,Q5/1006,56
1640,Q5/1006,57
1641,Q5/1006,58
1642,Q5/1006,59
1643,Q5/1006,60
1644,Q5/1006,61
1645,Q5/1006,62
1646,Q4/0007,16
1647,Q6/1014,17
1648,Q6/1014,18
1649,Q6/1014,19
1650,Q6/1014,20
1651,Q6/1014,21
1652,Q6/1014,22
1653,Q6/1014,23
1654,Q6/1014,24
1655,Q6/1014,25
1656,Q6/1014,26
1657,Q6/1014,27
1658,Q6/1014,28
1659,Q6/1014,29
1660,Q6/1014,30
1661,Q6/1014,31
1662,Q6/1014,32
1663,Q6/1014,33
1664,Q6/1014,34
1665,Q6/1014,35
1666,Q6/1014,36
1667,Q6/1014,37
1668,Q6/1014,38
1669,Q6/1014,39
1670,Q6/1014,40
1671,Q6/1014,41
1672,Q6/1014,42
1673,Q6/1014,43
1674,Q6/1014,44
1675,Q6/1014,45
1676,Q6/1014,46
1677,Q6/1014,47
1678,Q6/1014,48
1679,Q6/1014,49
1680,Q6/1014,50
1681,Q6/1014,51
1682,Q6/1014,52
1683,Q6/1014,53
1684,Q6/1014,54
1685,Q6/1014,55
1686,Q6/1014,56
1687,Q6/1014,57
1688,Q6/1014,58
1689,Q6/1014,59
1690,Q6/1014,60
1691,Q6/1014,61
1692,Q6/1014,62
1693,Q5/1010,17
1694,Q6/1006,18
1695,QC/1084,19
1696,QC/1084,20
1697,QC/1084,21
1698,QC/1084,22
1699,QC/1084,23
1700,QC/1084,24
1701,QC/1084,25
1702,QC/1084,26
1703,QC/1084,27
1704,QC/1084,28
1705,QC/1084,29
1706,QC/1084,30
1707,QC/1084,31
1708,QC/1084,32
1709,QC/1084,33
1710,QC/1084,34
1711,QC/1084,35
1712,QC/1084,36
1713,QC/1084,37
1714,QC/1084,38
1715,QC/1084,39
1716,QC/1084,40
1717,QC/1084,41
1718,QC/1084,42
1719,QC/1084,43
1720,QC/1084,44
1721,QC/1084,45
1722,QC/1084,46
1723,QC/1084,47
1724,QC/1084,48
1725,QC/1084,49
1726,QC/1084,50
1727,QC/1084,51
1728,QC/1084,52
1729,QC/1084,53
1730,QC/1084,54
1731,QC/1084,55
1732,QC/1084,56
1733,QC/1084,57
1734,QC/1084,58
1735,QC/1084,59
1736,QC/1084,60
1737,QC/1084,61
1738,QC/1084,62
1739,Q6/1012,19
1740,Q6/1012,20
1741,Q6/1012,21
1742,Q6/1012,22
1743,Q6/1012,23
1744,Q6/1012,24
1745,Q6/1012,25
1746,Q6/1012,26
1747,Q6/1012,27
1748,Q6/1012,28
1749,Q6/1012,29
1750,Q6/1012,30
1751,Q6/1012,31
1752,Q6/1012,32
1753,Q6/1012,33
1754,Q6/1012,34
1755,Q6/1012,35
1756,Q6/1012,36
1757,Q6/1012,37
1758,Q6/1012,38
1759,Q6/1012,39
1760,Q6/1012,40
1761,Q6/1012,41
1762,Q6/1012,42
1763,Q6/1012,43
1764,Q6/1012,44
1765,Q6/1012,45
1766,Q6/1012,46
1767,Q6/1012,47
1768,Q6/1012,48
1769,Q6/1012,49
1770,Q6/1012,50
1771,Q6/1012,51
1772,Q6/1012,52
1773,Q6/1012,53
1774,Q6/1012,54
1775,Q6/1012,55
1776,Q6/1012,56
1777,Q6/1012,57
1778,Q6/1012,58
1779,Q6/1012,59
1780,Q6/1012,60
1781,Q6/1012,61
1782,Q6/1012,62
1783,Q2/0017,19
1784,Q5/2006,20
1785,Q1/0019,21
1786,Q5/1011,22
1787,Q6/2007,23
1788,Q6/2004,24
1789,Q6/2004,25
1790,Q6/2004,26
1791,Q6/2004,27
1792,Q6/2004,28
1793,Q6/2004,29
1794,Q6/2004,30
1795,Q6/2004,31
1796,Q6/2004,32
1797,Q6/2004,33
1798,Q6/2004,34
1799,Q6/2004,35
1800,Q6/2004,36
1801,Q6/2004,37
1802,Q6/2004,38
1803,Q6/2004,39
1804,Q6/2004,40
1805,Q6/2004,41
1806,Q6/2004,42
1807,Q6/2004,43
1808,Q6/2004,44
1809,Q6/2004,45
1810,Q6/2004,46
1811,Q6/2004,47
1812,Q6/2004,48
1813,Q6/2004,49
1814,Q6/2004,50
1815,Q6/2004,51
1816,Q6/2004,52
1817,Q6/2004,53
1818,Q6/2004,54
1819,Q6/2004,55
1820,Q6/2004,56
1821,Q6/2004,57
1822,Q6/2004,58
1823,Q6/2004,59
1824,Q6/2004,60
1825,Q6/2004,61
1826,Q6/2004,62
1827,QC/1031,24
