id,subject_group_id,space_id,day,start,end,planned_capacity,real_capacity,is_morning,duration
1,1,,0,09:30,11:30,17,18,True,7200
2,1,,0,11:30,12:30,17,18,True,3600
3,1,,0,12:30,14:00,17,18,True,5400
4,1,,0,12:30,14:30,20,16,True,7200
5,1,,0,15:00,17:00,74,70,False,7200
6,1,,0,15:00,17:00,12,9,False,7200
7,1,,0,15:00,17:00,17,14,False,7200
8,1,,0,15:00,17:00,33,42,False,7200
9,1,,0,15:00,17:00,18,11,False,7200
10,1,,0,17:00,19:00,54,59,False,7200
11,1,,0,17:00,19:00,12,9,False,7200
12,1,,0,17:00,19:00,18,11,False,7200
13,1,,0,17:00,19:00,17,14,False,7200
14,1,,1,09:30,11:30,20,16,True,7200
15,1,,1,15:00,17:00,10,10,False,7200
16,1,,1,15:00,17:00,12,9,False,7200
17,1,,1,15:00,17:00,25,31,False,7200
18,1,,1,17:00,19:00,10,10,False,7200
19,1,,1,17:00,19:00,12,9,False,7200
20,1,,1,17:00,20:00,25,31,False,10800
21,1,,2,09:30,11:30,17,18,True,7200
22,1,,2,11:30,12:30,17,18,True,3600
23,1,,2,12:30,14:00,17,18,True,5400
24,1,,2,15:00,17:00,7,6,False,7200
25,1,,2,15:00,17:00,16,10,False,7200
26,1,,2,15:00,17:00,33,37,False,7200
27,1,,2,17:00,19:00,7,6,False,7200
28,1,,2,17:00,19:00,16,10,False,7200
29,1,,2,17:00,20:00,33,37,False,10800
30,1,,3,09:30,11:30,17,18,True,7200
31,1,,3,11:30,12:30,17,18,True,3600
32,1,,3,12:30,14:00,17,18,True,5400
33,1,,3,15:00,17:00,16,10,False,7200
34,1,,3,15:00,17:00,17,14,False,7200
35,1,,3,15:00,17:00,33,41,False,7200
36,1,,3,17:00,19:00,23,21,False,7200
37,1,,3,17:00,19:00,16,10,False,7200
38,1,,3,17:00,19:00,18,11,False,7200
39,1,,3,17:00,19:00,7,6,False,7200
40,1,,3,17:00,20:00,33,41,False,10800
41,1,,3,18:00,20:00,49,46,False,7200
42,1,,4,09:30,11:30,20,16,True,7200
43,1,,4,15:00,17:00,17,14,False,7200
44,1,,4,15:00,17:00,7,6,False,7200
45,1,,4,15:00,17:00,10,10,False,7200
46,1,,4,15:00,17:00,41,42,False,7200
47,1,,4,16:00,17:00,18,11,False,3600
48,1,,4,17:00,19:00,17,14,False,7200
49,1,,4,17:00,19:00,18,11,False,7200
50,1,,4,17:00,19:00,16,10,False,7200
51,1,,4,17:00,19:00,12,9,False,7200
52,1,,4,17:00,20:00,41,42,False,10800
53,10,,0,16:30,17:30,22,21,False,3600
54,10,,1,09:30,11:30,22,21,True,7200
55,10,,1,11:30,12:30,22,21,True,3600
56,10,,1,12:30,14:00,22,21,True,5400
57,10,,3,17:00,18:00,37,35,False,3600
58,11,,0,15:00,16:30,57,61,False,5400
59,11,,0,15:00,16:30,47,51,False,5400
60,11,,0,15:00,17:00,31,32,False,7200
61,11,,0,15:00,17:00,66,72,False,7200
62,11,,0,15:00,17:00,62,64,False,7200
63,11,,0,16:30,17:30,47,51,False,3600
64,11,,0,16:30,18:30,44,48,False,7200
65,11,,0,17:00,18:00,75,86,False,3600
66,11,,0,17:00,19:00,33,36,False,7200
67,11,,0,17:30,19:30,24,26,False,7200
68,11,,0,18:30,20:30,36,33,False,7200
69,11,,0,19:00,21:00,25,23,False,7200
70,11,,0,19:00,21:00,27,30,False,7200
71,11,,1,15:00,17:00,69,68,False,7200
72,11,,1,15:00,17:00,79,69,False,7200
73,11,,1,15:00,17:00,63,64,False,7200
74,11,,1,15:00,17:00,49,52,False,7200
75,11,,1,15:00,17:00,47,58,False,7200
76,11,,1,17:00,18:00,27,32,False,3600
77,11,,1,17:00,18:00,40,29,False,3600
78,11,,1,17:00,18:00,41,41,False,3600
79,11,,1,17:00,18:00,47,59,False,3600
80,11,,1,17:00,19:00,23,23,False,7200
81,11,,1,17:00,19:00,35,34,False,7200
82,11,,1,17:00,19:00,47,58,False,7200
83,11,,1,17:00,19:00,63,63,False,7200
84,11,,1,18:00,19:00,32,32,False,3600
85,11,,1,19:00,21:00,32,32,False,7200
86,11,,2,15:00,16:30,47,51,False,5400
87,11,,2,15:00,16:30,57,61,False,5400
88,11,,2,15:00,17:00,52,56,False,7200
89,11,,2,15:00,18:00,82,94,False,10800
90,11,,2,16:00,18:00,61,63,False,7200
91,11,,2,16:30,17:30,47,51,False,3600
92,11,,2,16:30,18:30,29,31,False,7200
93,11,,2,17:00,19:00,61,67,False,7200
94,11,,2,17:00,19:00,57,39,False,7200
95,11,,2,17:00,20:00,17,19,False,10800
96,11,,2,17:30,19:00,52,61,False,5400
97,11,,2,18:00,20:00,53,64,False,7200
98,11,,2,18:30,20:30,41,43,False,7200
99,11,,2,19:00,21:00,19,13,False,7200
100,11,,2,19:00,21:00,29,20,False,7200
101,11,,3,15:00,16:00,51,45,False,3600
102,11,,3,15:00,17:00,82,82,False,7200
103,11,,3,15:00,17:00,75,86,False,7200
104,11,,3,15:00,17:00,71,65,False,7200
105,11,,3,15:00,17:00,47,59,False,7200
106,11,,3,16:00,17:00,26,23,False,3600
107,11,,3,16:00,17:00,26,28,False,3600
108,11,,3,17:00,18:00,49,52,False,3600
109,11,,3,17:00,19:00,41,43,False,7200
110,11,,3,17:00,20:00,17,21,False,10800
111,11,,3,18:00,19:00,31,34,False,3600
112,11,,4,15:00,17:00,48,59,False,7200
113,11,,4,15:00,17:00,67,69,False,7200
114,11,,4,15:30,16:30,38,43,False,3600
115,11,,4,16:00,18:00,54,59,False,7200
116,11,,4,17:00,18:00,48,59,False,3600
117,11,,4,17:00,18:00,34,35,False,3600
118,11,,4,17:00,20:00,21,21,False,10800
119,11,,4,18:00,19:00,38,43,False,3600
120,11,,4,18:00,21:00,18,30,False,10800
121,11,,4,18:00,21:00,27,30,False,10800
122,12,,0,15:00,17:00,30,31,False,7200
123,12,,0,16:30,18:30,35,32,False,7200
124,12,,0,17:00,19:00,24,23,False,7200
125,12,,0,17:30,19:30,23,25,False,7200
126,12,,0,18:30,20:30,37,38,False,7200
127,12,,0,19:00,21:00,27,29,False,7200
128,12,,0,19:00,21:00,33,36,False,7200
129,12,,1,17:00,18:00,31,32,False,3600
130,12,,1,17:00,19:00,34,34,False,7200
131,12,,1,17:00,19:00,23,23,False,7200
132,12,,1,18:00,19:00,41,41,False,3600
133,12,,1,18:00,19:00,39,28,False,3600
134,12,,1,18:00,19:00,26,32,False,3600
135,12,,1,19:00,21:00,31,31,False,7200
136,12,,2,16:30,18:30,40,43,False,7200
137,12,,2,17:00,20:00,16,18,False,10800
138,12,,2,18:30,20:30,28,30,False,7200
139,12,,2,19:00,21:00,19,13,False,7200
140,12,,2,19:00,21:00,28,19,False,7200
141,12,,2,19:00,21:00,26,30,False,7200
142,12,,3,17:00,18:00,26,28,False,3600
143,12,,3,17:00,18:00,30,33,False,3600
144,12,,3,17:00,18:00,25,22,False,3600
145,12,,3,17:00,19:00,40,43,False,7200
146,12,,3,17:00,20:00,16,20,False,10800
147,12,,3,18:00,19:00,37,35,False,3600
148,12,,4,16:30,17:30,37,43,False,3600
149,12,,4,17:00,18:00,37,43,False,3600
150,12,,4,17:00,20:00,20,21,False,10800
151,12,,4,18:00,19:00,33,34,False,3600
152,12,,4,18:00,21:00,27,29,False,10800
153,12,,4,18:00,21:00,18,29,False,10800
154,13,,1,17:00,19:00,23,22,False,7200
155,13,,2,19:00,21:00,19,13,False,7200
156,21,,0,08:30,09:30,101,99,True,3600
157,21,,0,08:30,10:30,55,58,True,7200
158,21,,0,10:30,11:30,72,58,True,3600
159,21,,0,10:30,11:30,108,101,True,3600
160,21,,0,10:30,11:30,123,85,True,3600
161,21,,0,10:30,11:30,0,69,True,3600
162,21,,0,11:30,12:30,70,74,True,3600
163,21,,0,11:30,12:30,0,44,True,3600
164,21,,0,11:30,12:30,71,82,True,3600
165,21,,0,11:30,13:30,71,83,True,7200
166,21,,0,12:30,13:30,68,86,True,3600
167,21,,0,12:30,14:30,71,83,True,7200
168,21,,0,13:30,14:30,66,88,True,3600
169,21,,0,17:00,19:00,21,22,False,7200
170,21,,0,18:00,20:00,25,29,False,7200
171,21,,0,18:30,20:30,24,22,False,7200
172,21,,0,19:00,21:00,23,23,False,7200
173,21,,1,08:30,09:30,76,82,True,3600
174,21,,1,08:30,09:30,108,101,True,3600
175,21,,1,08:30,09:30,101,60,True,3600
176,21,,1,08:30,10:30,0,49,True,7200
177,21,,1,09:30,10:30,101,99,True,3600
178,21,,1,09:30,10:30,81,64,True,3600
179,21,,1,09:30,10:30,108,101,True,3600
180,21,,1,09:30,10:30,90,91,True,3600
181,21,,1,09:30,10:30,123,85,True,3600
182,21,,1,10:30,11:30,117,113,True,3600
183,21,,1,10:30,11:30,101,99,True,3600
184,21,,1,10:30,11:30,109,89,True,3600
185,21,,1,10:30,11:30,84,89,True,3600
186,21,,1,11:30,12:30,0,44,True,3600
187,21,,1,11:30,12:30,68,86,True,3600
188,21,,1,11:30,13:30,80,62,True,7200
189,21,,1,12:30,13:30,94,75,True,3600
190,21,,1,19:00,20:00,21,22,False,3600
191,21,,1,19:00,20:00,28,28,False,3600
192,21,,1,19:00,21:00,21,21,False,7200
193,21,,2,08:30,09:30,81,64,True,3600
194,21,,2,08:30,09:30,80,82,True,3600
195,21,,2,08:30,09:30,101,60,True,3600
196,21,,2,09:30,10:30,117,113,True,3600
197,21,,2,09:30,10:30,72,58,True,3600
198,21,,2,09:30,11:30,117,113,True,7200
199,21,,2,10:30,11:30,101,99,True,3600
200,21,,2,10:30,11:30,0,69,True,3600
201,21,,2,11:30,12:30,66,88,True,3600
202,21,,2,11:30,13:30,80,62,True,7200
203,21,,2,12:30,13:30,0,81,True,3600
204,21,,2,15:00,16:00,21,21,False,3600
205,21,,2,18:00,19:30,41,47,False,5400
206,21,,2,19:00,20:00,21,23,False,3600
207,21,,2,19:30,21:00,41,47,False,5400
208,21,,2,20:00,21:00,18,22,False,3600
209,21,,3,08:30,09:30,61,70,True,3600
210,21,,3,08:30,09:30,109,89,True,3600
211,21,,3,08:30,10:30,103,98,True,7200
212,21,,3,09:30,11:30,67,54,True,7200
213,21,,3,10:30,11:30,101,99,True,3600
214,21,,3,10:30,11:30,84,89,True,3600
215,21,,3,10:30,11:30,0,69,True,3600
216,21,,3,11:30,12:30,71,83,True,3600
217,21,,3,11:30,12:30,71,82,True,3600
218,21,,3,12:30,14:30,86,93,True,7200
219,21,,3,15:00,17:00,18,20,False,7200
220,21,,3,18:00,20:00,25,26,False,7200
221,21,,3,18:00,20:00,24,30,False,7200
222,21,,3,19:00,20:00,25,24,False,3600
223,21,,4,08:30,09:30,90,91,True,3600
224,21,,4,10:30,11:30,101,99,True,3600
225,21,,4,10:30,11:30,61,70,True,3600
226,21,,4,10:30,11:30,67,54,True,3600
227,21,,4,11:30,12:30,70,74,True,3600
228,21,,4,11:30,13:30,80,62,True,7200
229,21,,4,15:00,17:00,24,29,False,7200
230,21,,4,15:30,17:30,18,19,False,7200
231,21,,4,17:00,19:00,19,21,False,7200
232,21,,4,17:30,19:30,22,24,False,7200
233,21,,4,18:00,19:00,24,30,False,3600
234,22,,0,16:30,18:30,24,22,False,7200
235,22,,0,18:00,20:00,25,29,False,7200
236,22,,0,19:00,21:00,21,21,False,7200
237,22,,1,18:00,20:00,23,29,False,7200
238,22,,1,19:00,20:00,21,21,False,3600
239,22,,1,19:00,20:00,27,27,False,3600
240,22,,1,19:00,21:00,21,21,False,7200
241,22,,2,15:00,16:00,20,21,False,3600
242,22,,2,18:00,19:30,41,47,False,5400
243,22,,2,19:00,20:00,20,22,False,3600
244,22,,2,19:30,21:00,41,47,False,5400
245,22,,2,20:00,21:00,18,21,False,3600
246,22,,3,17:00,19:00,18,20,False,7200
247,22,,3,18:00,20:00,24,26,False,7200
248,22,,3,19:00,20:00,25,23,False,3600
249,22,,4,15:00,17:00,19,20,False,7200
250,22,,4,15:30,17:30,22,24,False,7200
251,22,,4,17:00,19:00,23,29,False,7200
252,22,,4,17:30,19:30,17,19,False,7200
253,22,,4,18:00,19:00,24,29,False,3600
254,23,,0,16:30,18:30,23,21,False,7200
255,23,,0,17:00,19:00,22,23,False,7200
256,23,,0,18:00,20:00,25,28,False,7200
257,23,,1,15:00,17:00,20,21,False,7200
258,23,,1,17:00,19:00,19,20,False,7200
259,23,,1,19:00,20:00,21,21,False,3600
260,23,,1,19:00,20:00,27,27,False,3600
261,23,,1,19:00,21:00,21,21,False,7200
262,23,,2,15:00,16:00,20,21,False,3600
263,23,,2,19:00,20:00,20,22,False,3600
264,23,,2,20:00,21:00,17,21,False,3600
265,23,,3,19:00,20:00,24,23,False,3600
266,23,,3,19:00,21:00,18,19,False,7200
267,23,,4,15:30,17:30,17,18,False,7200
268,23,,4,17:30,19:30,22,24,False,7200
269,31,,0,08:30,09:30,88,96,True,3600
270,31,,0,08:30,10:30,96,114,True,7200
271,31,,0,09:30,11:30,86,90,True,7200
272,31,,0,11:30,13:30,158,166,True,7200
273,31,,0,11:30,13:30,108,147,True,7200
274,31,,1,08:30,10:30,86,81,True,7200
275,31,,1,09:30,11:30,74,70,True,7200
276,31,,1,10:30,11:30,81,77,True,3600
277,31,,1,11:30,12:30,81,81,True,3600
278,31,,1,11:30,13:30,77,70,True,7200
279,31,,2,08:30,09:30,86,81,True,3600
280,31,,2,08:30,10:30,83,78,True,7200
281,31,,2,10:30,11:30,86,90,True,3600
282,31,,2,10:30,12:30,96,100,True,7200
283,31,,2,11:30,13:30,117,163,True,7200
284,31,,3,08:30,09:30,81,81,True,3600
285,31,,3,08:30,09:30,88,96,True,3600
286,31,,3,08:30,10:30,151,179,True,7200
287,31,,3,11:30,13:30,158,166,True,7200
288,31,,3,13:30,14:30,77,70,True,3600
289,31,,3,19:00,21:00,20,15,False,7200
290,31,,4,08:30,09:30,81,77,True,3600
291,31,,4,08:30,09:30,83,78,True,3600
292,31,,4,11:30,13:30,63,69,True,7200
293,31,,4,11:30,13:30,65,70,True,7200
294,31,,4,16:30,18:00,21,24,False,5400
295,32,,1,11:30,13:30,62,98,True,7200
296,32,,3,13:30,14:30,76,89,True,3600
297,32,,3,15:00,17:00,20,14,False,7200
298,32,,4,11:30,13:30,76,89,True,7200
299,32,,4,11:30,13:30,64,94,True,7200
300,32,,4,16:30,18:00,21,24,False,5400
301,33,,0,08:30,09:30,76,82,True,3600
302,33,,0,08:30,09:30,67,79,True,3600
303,33,,0,09:30,11:30,80,83,True,7200
304,33,,1,08:30,09:30,76,82,True,3600
305,33,,1,08:30,09:30,86,99,True,3600
306,33,,1,09:30,11:30,77,94,True,7200
307,33,,1,10:30,12:30,90,112,True,7200
308,33,,2,08:30,09:30,69,83,True,3600
309,33,,2,09:30,11:30,65,72,True,7200
310,33,,3,08:30,10:30,86,97,True,7200
311,33,,3,08:30,10:30,67,79,True,7200
312,33,,3,10:30,11:30,69,83,True,3600
313,33,,3,10:30,11:30,77,94,True,3600
314,33,,3,17:00,19:00,20,14,False,7200
315,33,,4,08:30,09:30,80,83,True,3600
316,33,,4,08:30,09:30,86,99,True,3600
317,33,,4,15:00,16:30,20,23,False,5400
318,34,,1,19:00,21:00,19,14,False,7200
319,34,,4,15:00,16:30,20,23,False,5400
320,41,,0,08:30,10:30,71,71,True,7200
321,41,,0,08:30,10:30,86,68,True,7200
322,41,,1,08:30,10:30,72,74,True,7200
323,41,,1,10:30,12:30,76,81,True,7200
324,41,,2,08:30,10:30,68,73,True,7200
325,41,,2,08:30,10:30,86,74,True,7200
326,41,,2,08:30,10:30,79,74,True,7200
327,41,,2,10:30,12:30,86,77,True,7200
328,41,,3,08:30,10:30,84,78,True,7200
329,41,,3,08:30,10:30,61,65,True,7200
330,41,,3,10:30,12:30,75,76,True,7200
331,41,,4,08:30,09:30,86,68,True,3600
332,41,,4,08:30,10:30,67,64,True,7200
333,41,,4,09:30,10:30,72,74,True,3600
334,41,,4,10:30,12:30,82,54,True,7200
335,43,,0,10:30,12:30,73,68,True,7200
336,43,,0,10:30,12:30,85,70,True,7200
337,43,,1,08:30,10:30,75,84,True,7200
338,43,,1,10:30,12:30,71,73,True,7200
339,43,,2,08:30,10:30,76,80,True,7200
340,43,,2,10:30,12:30,68,75,True,7200
341,43,,2,10:30,12:30,78,69,True,7200
342,43,,2,10:30,12:30,86,88,True,7200
343,43,,3,08:30,10:30,74,83,True,7200
344,43,,3,10:30,12:30,83,84,True,7200
345,43,,3,10:30,12:30,61,75,True,7200
346,43,,4,08:30,10:30,81,85,True,7200
347,43,,4,10:30,11:30,85,70,True,3600
348,43,,4,10:30,12:30,65,68,True,7200
349,43,,4,11:30,12:30,71,73,True,3600
350,45,,0,15:00,17:00,61,50,False,7200
351,45,,0,15:00,17:00,85,109,False,7200
352,45,,1,15:00,17:00,75,66,False,7200
353,45,,1,15:00,17:00,71,72,False,7200
354,45,,2,15:00,17:00,29,57,False,7200
355,45,,2,15:00,17:00,68,57,False,7200
356,45,,2,17:00,19:00,78,92,False,7200
357,45,,2,17:00,19:00,85,78,False,7200
358,45,,3,15:00,17:00,74,66,False,7200
359,45,,3,15:00,17:00,83,83,False,7200
360,45,,3,15:00,17:00,60,27,False,7200
361,45,,4,15:00,16:00,71,72,False,3600
362,45,,4,15:00,17:00,81,82,False,7200
363,45,,4,15:00,17:00,51,33,False,7200
364,45,,4,16:00,17:00,85,109,False,3600
365,47,,1,15:00,17:00,75,29,False,7200
366,47,,2,15:00,17:00,91,33,False,7200
367,47,,2,17:00,19:00,67,71,False,7200
368,47,,3,15:00,17:00,74,27,False,7200
369,51,,0,17:00,19:00,0,43,False,7200
370,51,,0,18:00,20:00,0,43,False,7200
371,51,,1,15:00,17:00,0,45,False,7200
372,51,,1,15:00,17:00,0,49,False,7200
373,51,,1,18:00,20:00,0,39,False,7200
374,51,,2,15:00,16:00,0,49,False,3600
375,51,,2,15:00,17:00,0,52,False,7200
376,51,,2,17:00,19:00,0,43,False,7200
377,51,,3,15:00,17:00,0,45,False,7200
378,51,,3,15:00,17:00,0,36,False,7200
379,51,,3,15:00,17:00,0,46,False,7200
380,51,,3,16:00,18:00,0,31,False,7200
381,51,,3,17:00,18:00,0,39,False,3600
382,51,,4,15:00,16:00,0,45,False,3600
383,51,,4,15:00,16:00,0,43,False,3600
384,51,,4,15:00,17:00,0,39,False,7200
385,61,,0,08:30,10:30,64,66,True,7200
386,61,,0,08:30,10:30,57,65,True,7200
387,61,,0,15:00,17:00,26,22,False,7200
388,61,,0,15:00,17:00,48,36,False,7200
389,61,,0,15:00,17:00,0,35,False,7200
390,61,,0,15:00,17:00,50,48,False,7200
391,61,,1,08:30,10:30,61,65,True,7200
392,61,,1,08:30,10:30,78,83,True,7200
393,61,,1,10:30,12:30,61,60,True,7200
394,61,,1,15:00,17:00,48,35,False,7200
395,61,,1,15:00,17:00,37,26,False,7200
396,61,,1,15:00,17:00,49,49,False,7200
397,61,,1,15:00,17:00,50,33,False,7200
398,61,,2,08:30,10:30,56,65,True,7200
399,61,,2,08:30,10:30,77,73,True,7200
400,61,,2,10:30,12:30,57,63,True,7200
401,61,,2,15:00,17:00,23,26,False,7200
402,61,,2,15:00,17:00,54,32,False,7200
403,61,,2,15:00,17:00,0,34,False,7200
404,61,,2,15:00,17:00,50,52,False,7200
405,61,,3,08:30,10:30,57,66,True,7200
406,61,,3,08:30,10:30,74,80,True,7200
407,61,,3,15:00,17:00,19,14,False,7200
408,61,,3,15:00,17:00,23,21,False,7200
409,61,,3,15:00,17:00,50,36,False,7200
410,61,,3,15:00,17:00,44,36,False,7200
411,61,,3,15:00,17:00,45,43,False,7200
412,61,,3,17:00,19:00,0,34,False,7200
413,61,,4,15:00,17:00,14,13,False,7200
414,61,,4,15:00,17:00,0,33,False,7200
415,61,,4,15:00,17:00,49,52,False,7200
416,71,,0,14:00,16:00,0,15,True,7200
417,71,,0,15:00,17:00,47,46,False,7200
418,71,,0,15:00,19:00,44,50,False,14400
419,71,,0,16:00,18:00,0,47,False,7200
420,71,,0,17:00,19:00,44,46,False,7200
421,71,,0,18:00,20:00,0,32,False,7200
422,71,,0,18:00,20:00,0,56,False,7200
423,71,,1,15:00,17:00,51,58,False,7200
424,71,,1,15:00,17:00,0,22,False,7200
425,71,,1,15:00,17:00,50,53,False,7200
426,71,,1,15:00,17:00,0,30,False,7200
427,71,,1,17:00,19:00,53,49,False,7200
428,71,,1,17:00,19:00,0,31,False,7200
429,71,,1,17:00,19:00,0,47,False,7200
430,71,,1,17:00,19:00,41,45,False,7200
431,71,,2,15:00,17:00,45,54,False,7200
432,71,,2,15:00,17:00,44,50,False,7200
433,71,,2,17:00,19:00,0,21,False,7200
434,71,,2,17:00,19:00,46,55,False,7200
435,71,,3,15:00,17:00,49,53,False,7200
436,81,,0,08:30,10:30,32,28,True,7200
437,81,,0,10:30,12:30,37,32,True,7200
438,81,,0,10:30,12:30,32,33,True,7200
439,81,,0,10:30,12:30,35,37,True,7200
440,81,,0,11:30,13:30,61,69,True,7200
441,81,,0,13:30,14:30,62,65,True,3600
442,81,,0,15:00,17:00,0,46,False,7200
443,81,,0,15:00,17:00,53,61,False,7200
444,81,,0,15:00,17:00,0,24,False,7200
445,81,,0,17:00,19:00,0,36,False,7200
446,81,,1,08:30,10:30,57,59,True,7200
447,81,,1,08:30,10:30,0,58,True,7200
448,81,,1,10:30,12:30,71,66,True,7200
449,81,,1,10:30,12:30,64,67,True,7200
450,81,,1,10:30,12:30,19,20,True,7200
451,81,,1,10:30,12:30,30,30,True,7200
452,81,,1,12:30,14:30,73,77,True,7200
453,81,,1,12:30,14:30,0,25,True,7200
454,81,,1,12:30,14:30,36,32,True,7200
455,81,,1,15:00,17:00,29,37,False,7200
456,81,,1,15:00,17:00,0,15,False,7200
457,81,,1,15:00,17:00,0,68,False,7200
458,81,,1,15:00,17:00,31,33,False,7200
459,81,,1,17:00,19:00,58,60,False,7200
460,81,,1,17:00,19:00,0,68,False,7200
461,81,,2,08:30,10:30,32,33,True,7200
462,81,,2,10:30,12:30,37,32,True,7200
463,81,,2,10:30,12:30,32,28,True,7200
464,81,,2,10:30,12:30,65,53,True,7200
465,81,,2,11:30,13:30,62,65,True,7200
466,81,,2,15:00,17:00,0,46,False,7200
467,81,,2,17:00,19:00,0,39,False,7200
468,81,,2,17:00,19:00,0,37,False,7200
469,81,,3,08:30,10:30,64,59,True,7200
470,81,,3,08:30,10:30,70,64,True,7200
471,81,,3,10:30,12:30,36,32,True,7200
472,81,,3,10:30,12:30,30,30,True,7200
473,81,,3,10:30,12:30,19,20,True,7200
474,81,,3,12:30,14:30,63,65,True,7200
475,81,,3,15:00,17:00,61,57,False,7200
476,81,,3,15:00,17:00,0,68,False,7200
477,81,,3,17:00,19:00,0,68,False,7200
478,81,,4,08:30,10:30,57,59,True,7200
479,81,,4,10:30,12:30,35,37,True,7200
480,81,,4,10:30,12:30,68,76,True,7200
481,81,,4,12:30,13:30,61,69,True,3600
482,81,,4,12:30,14:30,69,72,True,7200
483,81,,4,12:30,14:30,0,25,True,7200
484,81,,4,13:00,15:00,29,37,True,7200
485,81,,4,13:30,15:30,0,15,True,7200
486,81,,4,15:00,17:00,0,39,False,7200
487,81,,4,15:00,17:00,0,24,False,7200
488,81,,4,15:00,17:00,0,37,False,7200
489,81,,4,17:00,19:00,0,36,False,7200
490,82,,0,10:30,12:30,42,48,True,7200
491,82,,0,10:30,12:30,34,33,True,7200
492,82,,0,17:00,19:00,0,25,False,7200
493,82,,1,10:30,12:30,30,25,True,7200
494,82,,1,10:30,12:30,31,46,True,7200
495,82,,1,15:00,17:00,28,22,False,7200
496,82,,2,12:30,14:30,42,48,True,7200
497,82,,2,17:00,19:00,0,25,False,7200
498,82,,2,17:00,19:00,0,21,False,7200
499,82,,3,10:30,12:30,30,25,True,7200
500,82,,3,12:30,14:30,31,46,True,7200
501,82,,4,10:30,12:30,34,33,True,7200
502,82,,4,13:00,15:00,28,22,True,7200
503,82,,4,15:00,17:00,0,25,False,7200
504,82,,4,15:00,17:00,0,21,False,7200
505,82,,4,17:00,19:00,0,25,False,7200
506,211,,0,08:30,09:30,52,49,True,3600
507,211,,0,08:30,09:30,45,46,True,3600
508,211,,0,08:30,10:30,21,22,True,7200
509,211,,0,08:30,10:30,0,44,True,7200
510,211,,0,09:30,10:30,54,51,True,3600
511,211,,0,09:30,10:30,42,45,True,3600
512,211,,0,10:30,11:30,51,50,True,3600
513,211,,1,08:30,09:30,61,70,True,3600
514,211,,1,09:30,11:30,0,43,True,7200
515,211,,1,10:30,11:30,0,34,True,3600
516,211,,2,09:30,10:30,55,58,True,3600
517,211,,2,09:30,10:30,0,44,True,3600
518,211,,2,10:30,11:30,72,58,True,3600
519,211,,2,10:30,11:30,62,31,True,3600
520,211,,2,11:30,12:30,0,44,True,3600
521,211,,2,11:30,14:30,24,24,True,10800
522,211,,2,12:30,13:30,43,47,True,3600
523,211,,2,13:30,14:30,36,42,True,3600
524,211,,3,09:30,10:30,41,28,True,3600
525,211,,3,09:30,10:30,0,44,True,3600
526,211,,3,11:30,13:30,80,62,True,7200
527,211,,3,12:30,13:30,0,33,True,3600
528,211,,3,12:30,13:30,34,43,True,3600
529,211,,3,13:30,14:30,47,38,True,3600
530,211,,4,08:30,09:30,51,50,True,3600
531,211,,4,08:30,09:30,51,30,True,3600
532,211,,4,09:30,10:30,59,57,True,3600
533,211,,4,09:30,10:30,55,35,True,3600
534,211,,4,09:30,10:30,54,51,True,3600
535,211,,4,09:30,11:30,0,43,True,7200
536,211,,4,10:30,11:30,51,50,True,3600
537,211,,4,10:30,11:30,52,49,True,3600
538,211,,4,11:30,12:30,33,44,True,3600
539,211,,4,12:30,13:30,33,44,True,3600
540,211,,4,12:30,13:30,36,41,True,3600
541,211,,4,13:30,14:30,36,42,True,3600
542,211,,4,13:30,14:30,45,41,True,3600
543,212,,0,08:30,09:30,54,50,True,3600
544,212,,0,08:30,09:30,42,44,True,3600
545,212,,0,08:30,10:30,21,22,True,7200
546,212,,0,09:30,10:30,50,49,True,3600
547,212,,0,09:30,10:30,51,49,True,3600
548,212,,0,09:30,10:30,45,45,True,3600
549,212,,2,11:30,12:30,61,30,True,3600
550,212,,2,11:30,14:30,23,23,True,10800
551,212,,2,12:30,13:30,35,41,True,3600
552,212,,2,13:30,14:30,43,46,True,3600
553,212,,3,10:30,11:30,40,28,True,3600
554,212,,3,12:30,13:30,47,37,True,3600
555,212,,3,13:30,14:30,34,42,True,3600
556,212,,4,08:30,09:30,58,56,True,3600
557,212,,4,08:30,09:30,54,34,True,3600
558,212,,4,09:30,10:30,50,49,True,3600
559,212,,4,09:30,10:30,50,30,True,3600
560,212,,4,09:30,10:30,51,49,True,3600
561,212,,4,10:30,11:30,54,50,True,3600
562,212,,4,11:30,12:30,33,44,True,3600
563,212,,4,12:30,13:30,35,41,True,3600
564,212,,4,12:30,13:30,44,40,True,3600
565,212,,4,13:30,14:30,33,44,True,3600
566,212,,4,13:30,14:30,35,41,True,3600
567,213,,2,11:30,14:30,23,23,True,10800
568,213,,4,08:30,10:30,21,5,True,7200
569,214,,2,11:30,14:30,23,23,True,10800
570,214,,4,08:30,10:30,21,2,True,7200
571,310,,1,11:30,13:30,75,117,True,7200
572,310,,3,11:30,13:30,80,144,True,7200
573,311,,0,08:30,10:30,20,37,True,7200
574,311,,0,08:30,11:30,19,21,True,10800
575,311,,0,10:30,11:30,32,35,True,3600
576,311,,0,10:30,11:30,53,61,True,3600
577,311,,0,11:30,14:30,21,23,True,10800
578,311,,0,13:30,14:30,79,83,True,3600
579,311,,0,13:30,14:30,33,35,True,3600
580,311,,1,08:30,09:30,19,12,True,3600
581,311,,1,12:30,14:30,43,42,True,7200
582,311,,1,13:30,14:30,59,55,True,3600
583,311,,1,13:30,14:30,38,59,True,3600
584,311,,1,15:00,18:00,19,27,False,10800
585,311,,2,09:30,10:30,36,41,True,3600
586,311,,2,11:30,12:30,43,42,True,3600
587,311,,2,12:30,13:30,51,90,True,3600
588,311,,3,09:30,10:30,41,39,True,3600
589,311,,3,09:30,10:30,38,32,True,3600
590,311,,3,10:30,11:30,40,41,True,3600
591,311,,3,10:30,11:30,43,45,True,3600
592,311,,3,13:30,14:30,43,42,True,3600
593,311,,3,13:30,14:30,40,72,True,3600
594,311,,4,09:30,10:30,45,50,True,3600
595,311,,4,09:30,10:30,37,57,True,3600
596,311,,4,10:30,11:30,36,41,True,3600
597,311,,4,10:30,11:30,42,39,True,3600
598,311,,4,13:30,14:30,39,35,True,3600
599,311,,4,13:30,14:30,56,74,True,3600
600,312,,0,10:30,11:30,36,40,True,3600
601,312,,0,10:30,11:30,38,35,True,3600
602,312,,0,11:30,14:30,21,23,True,10800
603,312,,0,13:30,14:30,56,73,True,3600
604,312,,0,13:30,14:30,32,35,True,3600
605,312,,0,15:00,17:00,20,37,False,7200
606,312,,0,15:00,18:00,19,21,False,10800
607,312,,1,08:30,09:30,19,12,True,3600
608,312,,1,10:30,11:30,31,34,True,3600
609,312,,1,11:30,14:30,18,20,True,10800
610,312,,1,12:30,14:30,43,42,True,7200
611,312,,1,13:30,14:30,40,72,True,3600
612,312,,2,09:30,10:30,53,61,True,3600
613,312,,2,11:30,12:30,43,42,True,3600
614,312,,2,12:30,13:30,50,89,True,3600
615,312,,2,13:30,14:30,58,54,True,3600
616,312,,3,08:30,11:30,19,27,True,10800
617,312,,3,09:30,10:30,39,40,True,3600
618,312,,3,09:30,10:30,43,45,True,3600
619,312,,3,10:30,11:30,40,38,True,3600
620,312,,3,10:30,11:30,79,83,True,3600
621,312,,3,10:30,11:30,38,32,True,3600
622,312,,3,13:30,14:30,37,58,True,3600
623,312,,3,13:30,14:30,43,42,True,3600
624,312,,4,09:30,10:30,36,40,True,3600
625,312,,4,09:30,10:30,41,39,True,3600
626,312,,4,10:30,11:30,45,50,True,3600
627,312,,4,10:30,11:30,37,56,True,3600
628,313,,0,16:00,19:00,21,22,False,10800
629,313,,1,08:30,11:30,19,21,True,10800
630,313,,1,12:30,14:30,42,42,True,7200
631,313,,1,18:00,19:00,19,12,False,3600
632,313,,2,08:30,10:30,20,35,True,7200
633,313,,2,11:30,12:30,42,42,True,3600
634,313,,2,11:30,14:30,18,20,True,10800
635,313,,2,13:30,14:30,58,54,True,3600
636,313,,2,13:30,14:30,50,15,True,3600
637,313,,3,08:30,11:30,19,26,True,10800
638,313,,3,13:30,14:30,42,42,True,3600
639,314,,1,08:30,11:30,20,19,True,10800
640,314,,1,11:30,14:30,21,22,True,10800
641,314,,1,11:30,14:30,19,20,True,10800
642,314,,1,18:00,19:00,19,12,False,3600
643,314,,2,11:30,14:30,18,20,True,10800
644,314,,3,11:30,14:30,18,25,True,10800
645,314,,3,15:00,17:00,20,35,False,7200
646,315,,1,11:30,14:30,21,22,True,10800
647,315,,1,11:30,14:30,20,19,True,10800
648,315,,1,15:00,18:00,19,19,False,10800
649,315,,2,08:30,09:30,19,62,True,3600
650,315,,3,11:30,14:30,18,25,True,10800
651,315,,4,12:30,15:30,18,20,True,10800
652,316,,0,15:00,18:00,18,20,False,10800
653,316,,1,15:00,18:00,20,19,False,10800
654,316,,1,16:00,19:00,21,21,False,10800
655,316,,2,08:30,09:30,19,61,True,3600
656,316,,2,15:00,18:00,19,19,False,10800
657,316,,4,15:00,18:00,18,25,False,10800
658,317,,1,15:00,18:00,18,19,False,10800
659,317,,2,08:30,09:30,19,12,True,3600
660,317,,2,11:30,14:30,21,20,True,10800
661,317,,3,08:30,11:30,19,19,True,10800
662,318,,2,08:30,09:30,19,12,True,3600
663,318,,2,15:00,18:00,20,18,False,10800
664,318,,2,16:00,19:00,21,20,False,10800
665,318,,4,08:30,11:30,19,19,True,10800
666,319,,3,10:30,13:30,20,19,True,10800
667,319,,3,16:00,19:00,21,20,False,10800
668,319,,4,15:00,18:00,19,19,False,10800
669,320,,0,11:30,13:30,55,74,True,7200
670,320,,0,15:00,17:00,54,80,False,7200
671,320,,1,08:30,10:30,46,45,True,7200
672,320,,1,11:30,13:30,54,92,True,7200
673,320,,1,15:00,17:00,28,24,False,7200
674,320,,2,11:30,13:30,49,68,True,7200
675,320,,2,11:30,13:30,57,80,True,7200
676,320,,3,08:30,10:30,19,18,True,7200
677,320,,3,08:30,10:30,0,13,True,7200
678,320,,3,10:30,12:30,33,66,True,7200
679,320,,3,15:00,18:00,20,18,False,10800
680,320,,4,08:30,10:30,26,24,True,7200
681,320,,4,11:30,13:30,49,73,True,7200
682,320,,4,11:30,13:30,40,60,True,7200
683,320,,4,11:30,14:30,21,20,True,10800
684,321,,0,11:30,14:30,14,11,True,10800
685,321,,0,13:30,14:30,55,74,True,3600
686,321,,0,15:00,17:00,28,21,False,7200
687,321,,0,17:00,18:00,54,64,False,3600
688,321,,0,17:00,18:00,28,21,False,3600
689,321,,1,08:30,11:30,20,30,True,10800
690,321,,1,10:30,11:30,46,34,True,3600
691,321,,1,13:30,14:30,54,92,True,3600
692,321,,1,15:00,16:00,31,49,False,3600
693,321,,1,17:00,18:00,28,24,False,3600
694,321,,2,08:30,10:30,16,13,True,7200
695,321,,2,10:30,11:30,16,13,True,3600
696,321,,2,13:30,14:30,49,68,True,3600
697,321,,2,13:30,14:30,57,69,True,3600
698,321,,3,10:30,11:30,19,18,True,3600
699,321,,3,10:30,11:30,0,13,True,3600
700,321,,3,11:30,13:30,0,13,True,7200
701,321,,3,12:30,13:30,33,66,True,3600
702,321,,4,08:30,11:30,20,18,True,10800
703,321,,4,10:30,11:30,26,24,True,3600
704,321,,4,13:30,14:30,38,45,True,3600
705,321,,4,13:30,14:30,49,64,True,3600
706,321,,4,13:30,14:30,40,60,True,3600
707,321,,4,13:30,14:30,32,47,True,3600
708,321,,4,16:00,19:00,21,20,False,10800
709,322,,0,10:30,11:30,38,44,True,3600
710,322,,1,08:30,11:30,20,30,True,10800
711,322,,3,11:30,14:30,14,10,True,10800
712,322,,4,13:30,14:30,31,49,True,3600
713,322,,4,13:30,14:30,32,47,True,3600
714,322,,4,15:00,18:00,20,17,False,10800
715,330,,0,11:30,13:30,40,58,True,7200
716,330,,0,11:30,13:30,58,77,True,7200
717,330,,0,13:30,14:30,56,78,True,3600
718,330,,0,15:00,17:00,13,18,False,7200
719,330,,1,08:30,10:30,4,10,True,7200
720,330,,1,08:30,10:30,6,14,True,7200
721,330,,1,11:30,13:30,55,66,True,7200
722,330,,2,08:30,10:30,16,10,True,7200
723,330,,2,08:30,10:30,11,23,True,7200
724,330,,2,09:30,11:30,44,58,True,7200
725,330,,2,11:30,13:30,58,77,True,7200
726,330,,2,12:30,13:30,55,66,True,3600
727,330,,3,08:30,10:30,3,13,True,7200
728,330,,3,09:30,11:30,14,28,True,7200
729,330,,3,11:30,13:30,56,78,True,7200
730,330,,4,08:30,10:30,18,23,True,7200
731,330,,4,11:30,13:30,48,53,True,7200
732,331,,0,09:30,10:30,37,36,True,3600
733,331,,0,10:30,11:30,34,40,True,3600
734,331,,0,11:30,14:30,13,18,True,10800
735,331,,0,15:00,18:00,20,26,False,10800
736,331,,0,17:00,18:00,13,18,False,3600
737,331,,0,19:00,20:00,30,20,False,3600
738,331,,1,09:30,10:30,39,41,True,3600
739,331,,1,10:30,11:30,4,10,True,3600
740,331,,1,10:30,11:30,6,14,True,3600
741,331,,1,13:30,14:30,30,45,True,3600
742,331,,1,15:00,18:00,14,28,False,10800
743,331,,1,16:00,17:00,70,43,False,3600
744,331,,1,17:00,18:00,35,18,False,3600
745,331,,1,17:00,19:00,30,23,False,7200
746,331,,2,09:30,10:30,46,49,True,3600
747,331,,2,10:30,11:30,16,10,True,3600
748,331,,2,10:30,11:30,40,42,True,3600
749,331,,2,10:30,11:30,11,23,True,3600
750,331,,2,11:30,12:30,36,42,True,3600
751,331,,2,11:30,12:30,44,58,True,3600
752,331,,2,13:30,14:30,30,40,True,3600
753,331,,2,13:30,14:30,30,39,True,3600
754,331,,2,13:30,14:30,40,15,True,3600
755,331,,2,15:00,16:00,30,23,False,3600
756,331,,3,08:30,09:30,14,28,True,3600
757,331,,3,10:30,11:30,3,13,True,3600
758,331,,3,10:30,11:30,40,58,True,3600
759,331,,3,15:00,16:00,30,23,False,3600
760,331,,3,18:00,19:00,56,31,False,3600
761,331,,4,09:30,10:30,36,42,True,3600
762,331,,4,09:30,10:30,39,33,True,3600
763,331,,4,10:30,11:30,18,23,True,3600
764,331,,4,10:30,11:30,53,58,True,3600
765,331,,4,10:30,11:30,39,47,True,3600
766,331,,4,13:30,14:30,48,53,True,3600
767,331,,4,17:00,18:00,60,39,False,3600
768,332,,0,09:30,10:30,33,39,True,3600
769,332,,0,10:30,11:30,37,36,True,3600
770,332,,1,09:30,10:30,36,41,True,3600
771,332,,1,13:30,14:30,26,38,True,3600
772,332,,2,08:30,11:30,19,26,True,10800
773,332,,2,09:30,10:30,40,41,True,3600
774,332,,2,10:30,11:30,46,48,True,3600
775,332,,2,11:30,12:30,39,41,True,3600
776,332,,2,13:30,14:30,25,21,True,3600
777,332,,2,19:00,20:00,40,15,False,3600
778,332,,4,09:30,10:30,18,22,True,3600
779,332,,4,09:30,10:30,38,47,True,3600
780,332,,4,10:30,11:30,36,41,True,3600
781,332,,4,10:30,11:30,39,33,True,3600
782,332,,4,15:00,16:00,30,19,False,3600
783,333,,4,08:30,11:30,19,25,True,10800
784,351,,0,16:00,17:00,37,23,False,3600
785,351,,1,17:00,18:00,39,23,False,3600
786,351,,3,17:00,18:00,37,23,False,3600
787,351,,3,17:00,18:00,29,25,False,3600
788,351,,4,16:00,17:00,40,24,False,3600
789,352,,1,17:00,18:00,40,23,False,3600
790,352,,1,17:00,18:00,39,88,False,3600
791,352,,3,17:00,18:00,37,22,False,3600
792,352,,3,18:00,19:00,28,24,False,3600
793,352,,4,16:00,17:00,37,22,False,3600
794,410,,0,08:30,09:30,76,71,True,3600
795,410,,0,08:30,10:30,80,82,True,7200
796,410,,0,08:30,10:30,0,37,True,7200
797,410,,0,09:30,10:30,71,71,True,3600
798,410,,1,12:30,14:30,0,28,True,7200
799,410,,1,12:30,14:30,0,38,True,7200
800,410,,2,09:30,10:30,40,33,True,3600
801,410,,3,08:30,10:30,87,97,True,7200
802,410,,3,12:30,14:30,0,28,True,7200
803,410,,3,12:30,14:30,0,38,True,7200
804,411,,0,08:30,10:30,21,19,True,7200
805,411,,0,08:30,10:30,21,11,True,7200
806,411,,0,08:30,10:30,20,20,True,7200
807,411,,0,10:30,11:30,39,37,True,3600
808,411,,0,10:30,11:30,40,37,True,3600
809,411,,0,10:30,11:30,0,17,True,3600
810,411,,0,10:30,12:15,21,20,True,6300
811,411,,0,10:30,12:30,39,36,True,7200
812,411,,0,10:30,12:30,40,41,True,7200
813,411,,0,11:30,12:30,42,41,True,3600
814,411,,0,12:30,13:30,37,37,True,3600
815,411,,0,12:30,14:30,40,40,True,7200
816,411,,1,08:30,09:30,45,60,True,3600
817,411,,1,08:30,10:30,39,39,True,7200
818,411,,1,08:30,10:30,21,20,True,7200
819,411,,1,08:30,10:30,20,24,True,7200
820,411,,1,08:30,10:30,20,21,True,7200
821,411,,1,09:30,10:30,37,33,True,3600
822,411,,1,10:30,12:30,38,36,True,7200
823,411,,1,12:30,13:30,41,57,True,3600
824,411,,1,13:30,14:30,38,38,True,3600
825,411,,2,10:30,11:30,38,24,True,3600
826,411,,2,10:30,11:30,37,34,True,3600
827,411,,2,10:30,11:30,40,33,True,3600
828,411,,2,10:30,12:30,38,36,True,7200
829,411,,2,10:30,12:30,40,41,True,7200
830,411,,2,11:30,12:30,36,36,True,3600
831,411,,2,11:30,12:30,36,37,True,3600
832,411,,3,08:30,10:30,39,36,True,7200
833,411,,3,08:30,10:30,40,40,True,7200
834,411,,3,10:30,11:30,39,39,True,3600
835,411,,3,10:30,12:30,38,36,True,7200
836,411,,3,11:30,12:30,41,36,True,3600
837,411,,4,08:30,09:30,38,41,True,3600
838,411,,4,08:30,09:30,40,37,True,3600
839,411,,4,08:30,10:30,38,36,True,7200
840,411,,4,09:30,10:30,41,26,True,3600
841,412,,0,08:30,10:30,21,19,True,7200
842,412,,0,10:30,11:30,42,41,True,3600
843,412,,0,10:30,12:30,40,38,True,7200
844,412,,0,11:30,12:30,39,36,True,3600
845,412,,0,11:30,12:30,37,37,True,3600
846,412,,0,11:30,12:30,0,15,True,3600
847,412,,0,12:30,13:30,39,37,True,3600
848,412,,0,12:30,14:30,39,15,True,7200
849,412,,0,12:30,14:30,21,19,True,7200
850,412,,0,12:30,14:30,39,27,True,7200
851,412,,0,12:30,14:30,20,20,True,7200
852,412,,0,12:30,14:30,21,11,True,7200
853,412,,1,08:30,09:30,37,32,True,3600
854,412,,1,08:30,10:30,39,40,True,7200
855,412,,1,09:30,10:30,44,49,True,3600
856,412,,1,10:30,12:30,21,20,True,7200
857,412,,1,10:30,12:30,20,21,True,7200
858,412,,1,12:30,13:30,37,38,True,3600
859,412,,1,12:30,14:30,38,36,True,7200
860,412,,1,13:30,14:30,41,14,True,3600
861,412,,2,08:30,10:30,21,11,True,7200
862,412,,2,10:30,11:30,35,35,True,3600
863,412,,2,10:30,11:30,36,37,True,3600
864,412,,2,11:30,12:30,38,24,True,3600
865,412,,2,11:30,12:30,40,32,True,3600
866,412,,2,11:30,12:30,37,34,True,3600
867,412,,2,12:30,14:30,37,40,True,7200
868,412,,2,12:30,14:30,39,27,True,7200
869,412,,3,08:30,10:30,40,38,True,7200
870,412,,3,10:30,11:30,41,35,True,3600
871,412,,3,11:30,12:30,39,40,True,3600
872,412,,3,12:30,14:30,39,15,True,7200
873,412,,3,12:30,14:30,38,36,True,7200
874,412,,4,08:30,09:30,41,26,True,3600
875,412,,4,09:30,10:30,38,40,True,3600
876,412,,4,09:30,10:30,39,37,True,3600
877,412,,4,12:30,14:30,37,40,True,7200
878,413,,0,10:30,12:30,21,19,True,7200
879,413,,0,12:30,14:30,20,20,True,7200
880,413,,1,10:30,12:30,37,16,True,7200
881,413,,1,12:30,14:30,21,19,True,7200
882,413,,1,12:30,14:30,20,21,True,7200
883,413,,1,15:00,17:00,20,21,False,7200
884,413,,1,19:00,21:00,21,10,False,7200
885,413,,2,10:30,12:30,21,11,True,7200
886,413,,2,12:30,13:30,40,32,True,3600
887,413,,3,10:30,12:30,37,16,True,7200
888,413,,4,12:30,13:30,41,52,True,3600
889,414,,0,12:30,14:30,21,19,True,7200
890,414,,0,18:00,20:00,20,20,False,7200
891,414,,1,12:30,14:30,20,20,True,7200
892,414,,1,15:00,17:00,21,18,False,7200
893,414,,2,12:30,14:30,21,11,True,7200
894,414,,2,13:30,14:30,40,31,True,3600
895,414,,3,08:30,10:30,20,21,True,7200
896,414,,3,10:30,12:30,21,10,True,7200
897,415,,0,08:30,09:30,70,72,True,3600
898,415,,0,09:30,10:30,76,87,True,3600
899,415,,0,10:30,12:30,80,79,True,7200
900,415,,0,15:00,17:00,21,19,False,7200
901,415,,0,18:00,20:00,20,20,False,7200
902,415,,1,08:30,10:30,21,19,True,7200
903,415,,1,15:00,17:00,20,20,False,7200
904,415,,2,16:00,17:00,40,34,False,3600
905,415,,3,08:30,09:30,38,20,True,3600
906,415,,3,09:30,10:30,35,23,True,3600
907,415,,3,10:30,12:30,20,21,True,7200
908,415,,3,10:30,12:30,85,91,True,7200
909,415,,3,10:30,12:30,21,11,True,7200
910,415,,3,12:30,14:30,21,10,True,7200
911,416,,1,08:30,10:30,21,19,True,7200
912,416,,1,15:00,17:00,20,19,False,7200
913,416,,2,08:30,10:30,21,16,True,7200
914,416,,2,08:30,10:30,20,20,True,7200
915,416,,2,17:00,18:00,40,34,False,3600
916,416,,3,08:30,09:30,35,23,True,3600
917,416,,3,09:30,10:30,38,40,True,3600
918,416,,3,12:30,14:30,20,20,True,7200
919,416,,3,12:30,14:30,21,11,True,7200
920,416,,3,19:00,21:00,21,10,False,7200
921,417,,0,15:00,16:00,75,66,False,3600
922,417,,0,15:00,17:00,80,32,False,7200
923,417,,0,16:00,17:00,70,61,False,3600
924,417,,1,17:00,19:00,20,19,False,7200
925,417,,2,08:30,10:30,20,18,True,7200
926,417,,2,10:30,12:30,21,16,True,7200
927,417,,2,10:30,12:30,20,19,True,7200
928,417,,2,15:00,16:00,35,31,False,3600
929,417,,2,16:00,17:00,37,33,False,3600
930,417,,3,08:30,10:30,21,18,True,7200
931,417,,3,15:00,17:00,20,20,False,7200
932,417,,4,08:30,10:30,21,10,True,7200
933,417,,4,10:30,12:30,21,10,True,7200
934,418,,2,12:30,14:30,20,18,True,7200
935,418,,2,15:00,16:00,37,83,False,3600
936,418,,2,16:00,17:00,35,30,False,3600
937,418,,3,08:30,10:30,20,18,True,7200
938,418,,3,10:30,12:30,21,18,True,7200
939,418,,4,08:30,10:30,20,20,True,7200
940,418,,4,10:30,12:30,21,10,True,7200
941,418,,4,12:30,14:30,21,10,True,7200
942,419,,0,17:00,19:00,79,82,False,7200
943,419,,2,08:30,10:30,21,17,True,7200
944,419,,2,12:30,14:30,20,18,True,7200
945,419,,3,10:30,12:30,20,18,True,7200
946,419,,3,12:30,14:30,21,18,True,7200
947,419,,4,08:30,10:30,20,20,True,7200
948,419,,4,12:30,14:30,21,10,True,7200
949,419,,4,16:45,18:45,21,10,False,7200
950,420,,0,10:30,13:30,84,76,True,10800
951,420,,0,12:30,14:30,90,80,True,7200
952,420,,1,08:30,10:30,81,70,True,7200
953,420,,1,12:30,14:30,84,83,True,7200
954,420,,2,08:30,10:30,21,16,True,7200
955,420,,2,08:30,10:30,81,79,True,7200
956,420,,2,12:30,14:30,81,73,True,7200
957,420,,2,19:00,21:00,20,17,False,7200
958,420,,3,10:30,12:30,99,107,True,7200
959,420,,3,12:30,14:30,21,18,True,7200
960,420,,3,12:30,14:30,20,18,True,7200
961,420,,4,08:30,10:30,86,79,True,7200
962,421,,1,10:30,11:30,41,35,True,3600
963,421,,1,10:30,11:30,50,54,True,3600
964,421,,1,11:30,12:30,42,42,True,3600
965,421,,2,08:30,09:30,42,38,True,3600
966,421,,2,09:30,10:30,43,40,True,3600
967,421,,3,08:30,09:30,45,40,True,3600
968,421,,3,08:30,10:30,21,15,True,7200
969,421,,3,09:30,10:30,41,37,True,3600
970,421,,3,12:30,14:30,20,18,True,7200
971,421,,4,08:30,10:30,20,16,True,7200
972,421,,4,10:30,12:30,41,40,True,7200
973,422,,1,10:30,11:30,42,41,True,3600
974,422,,1,11:30,12:30,40,35,True,3600
975,422,,1,11:30,12:30,49,53,True,3600
976,422,,2,08:30,09:30,43,39,True,3600
977,422,,2,09:30,10:30,42,38,True,3600
978,422,,3,08:30,09:30,40,36,True,3600
979,422,,3,09:30,10:30,45,40,True,3600
980,422,,3,10:30,12:30,21,15,True,7200
981,422,,3,15:00,17:00,20,17,False,7200
982,422,,4,12:30,14:30,21,17,True,7200
983,422,,4,12:30,14:30,40,39,True,7200
984,422,,4,12:30,14:30,20,16,True,7200
985,423,,2,15:00,17:00,21,16,False,7200
986,423,,3,12:30,14:30,21,15,True,7200
987,423,,3,17:00,19:00,20,17,False,7200
988,423,,4,08:30,10:30,18,16,True,7200
989,423,,4,17:00,19:00,20,16,False,7200
990,424,,4,10:30,12:30,18,16,True,7200
991,424,,4,12:30,14:30,21,16,True,7200
992,425,,4,12:30,14:30,21,15,True,7200
993,425,,4,12:30,14:30,18,16,True,7200
994,430,,1,09:30,11:30,20,33,True,7200
995,430,,1,10:30,12:30,42,41,True,7200
996,430,,2,10:30,12:30,37,40,True,7200
997,430,,3,08:30,10:30,72,79,True,7200
998,430,,3,10:30,12:30,26,43,True,7200
999,430,,3,12:30,14:30,33,40,True,7200
1000,430,,4,09:30,11:30,28,44,True,7200
1001,430,,4,12:30,14:30,47,53,True,7200
1002,431,,0,08:30,10:30,38,39,True,7200
1003,431,,0,08:30,10:30,39,42,True,7200
1004,431,,0,08:30,10:30,40,34,True,7200
1005,431,,0,10:30,11:30,37,44,True,3600
1006,431,,0,10:30,12:30,17,20,True,7200
1007,431,,0,12:30,13:30,39,38,True,3600
1008,431,,0,12:30,13:30,39,35,True,3600
1009,431,,0,12:30,14:30,20,33,True,7200
1010,431,,0,13:30,14:30,42,41,True,3600
1011,431,,1,08:30,10:30,37,38,True,7200
1012,431,,1,08:30,10:30,18,21,True,7200
1013,431,,1,10:30,11:30,41,55,True,3600
1014,431,,1,10:30,11:30,0,17,True,3600
1015,431,,1,10:30,12:30,39,39,True,7200
1016,431,,1,11:30,12:30,26,17,True,3600
1017,431,,1,11:30,12:30,37,42,True,3600
1018,431,,1,11:30,12:30,0,38,True,3600
1019,431,,2,08:30,09:30,36,40,True,3600
1020,431,,2,08:30,10:30,37,39,True,7200
1021,431,,2,08:30,10:30,39,42,True,7200
1022,431,,2,12:30,13:30,47,53,True,3600
1023,431,,2,12:30,13:30,37,35,True,3600
1024,431,,2,13:30,14:30,36,37,True,3600
1025,431,,3,08:30,10:30,37,38,True,7200
1026,431,,3,10:30,12:30,38,39,True,7200
1027,431,,3,10:30,12:30,21,14,True,7200
1028,431,,3,10:30,12:30,40,34,True,7200
1029,431,,3,12:30,13:30,39,39,True,3600
1030,431,,3,13:30,14:30,41,34,True,3600
1031,431,,4,10:30,11:30,40,27,True,3600
1032,431,,4,10:30,11:30,39,35,True,3600
1033,431,,4,10:30,12:30,37,39,True,7200
1034,431,,4,11:30,12:30,38,50,True,3600
1035,432,,0,09:30,10:30,39,34,True,3600
1036,432,,0,09:30,10:30,37,44,True,3600
1037,432,,0,10:30,12:30,39,35,True,7200
1038,432,,0,12:30,13:30,42,41,True,3600
1039,432,,0,12:30,14:30,16,20,True,7200
1040,432,,0,12:30,14:30,38,38,True,7200
1041,432,,0,12:30,14:30,40,39,True,7200
1042,432,,0,13:30,14:30,39,37,True,3600
1043,432,,1,08:30,10:30,37,39,True,7200
1044,432,,1,10:30,11:30,37,41,True,3600
1045,432,,1,10:30,11:30,0,37,True,3600
1046,432,,1,11:30,12:30,41,21,True,3600
1047,432,,1,11:30,12:30,0,17,True,3600
1048,432,,1,12:30,14:30,38,38,True,7200
1049,432,,2,08:30,10:30,39,35,True,7200
1050,432,,2,09:30,10:30,36,39,True,3600
1051,432,,2,12:30,13:30,36,36,True,3600
1052,432,,2,12:30,14:30,37,37,True,7200
1053,432,,2,13:30,14:30,37,35,True,3600
1054,432,,3,08:30,10:30,37,39,True,7200
1055,432,,3,10:30,12:30,40,39,True,7200
1056,432,,3,12:30,13:30,41,34,True,3600
1057,432,,3,12:30,14:30,38,38,True,7200
1058,432,,3,12:30,14:30,21,13,True,7200
1059,432,,3,12:30,14:30,18,20,True,7200
1060,432,,3,13:30,14:30,38,38,True,3600
1061,432,,4,10:30,11:30,38,50,True,3600
1062,432,,4,10:30,12:30,37,37,True,7200
1063,432,,4,11:30,12:30,40,26,True,3600
1064,432,,4,11:30,12:30,39,34,True,3600
1065,433,,1,12:30,14:30,37,27,True,7200
1066,433,,3,12:30,14:30,37,27,True,7200
1067,433,,4,08:30,10:30,18,19,True,7200
1068,434,,4,10:30,12:30,18,19,True,7200
1069,440,,0,08:30,10:30,37,39,True,7200
1070,440,,0,10:30,12:30,34,39,True,7200
1071,440,,1,08:30,10:30,34,39,True,7200
1072,440,,1,10:30,12:30,81,82,True,7200
1073,440,,1,10:30,12:30,86,75,True,7200
1074,440,,2,08:30,10:30,40,44,True,7200
1075,440,,2,12:30,14:30,76,76,True,7200
1076,440,,3,08:30,10:30,37,39,True,7200
1077,440,,3,10:30,12:30,62,74,True,7200
1078,440,,4,08:30,10:30,83,83,True,7200
1079,440,,4,08:30,10:30,40,44,True,7200
1080,441,,0,10:30,11:30,43,38,True,3600
1081,441,,0,11:30,12:30,31,37,True,3600
1082,441,,0,12:30,14:30,35,38,True,7200
1083,441,,0,12:30,14:30,36,37,True,7200
1084,441,,1,08:30,10:30,22,19,True,7200
1085,441,,1,12:30,14:30,35,38,True,7200
1086,441,,2,10:30,12:30,40,41,True,7200
1087,441,,3,08:30,10:30,21,25,True,7200
1088,441,,3,11:30,12:30,38,38,True,3600
1089,441,,3,12:30,13:30,41,41,True,3600
1090,441,,3,12:30,14:30,36,37,True,7200
1091,441,,3,13:30,14:30,42,42,True,3600
1092,441,,4,10:30,12:30,40,41,True,7200
1093,442,,0,10:30,11:30,31,37,True,3600
1094,442,,0,11:30,12:30,43,37,True,3600
1095,442,,1,12:30,14:30,22,19,True,7200
1096,442,,3,10:30,11:30,38,38,True,3600
1097,442,,3,11:30,12:30,40,41,True,3600
1098,442,,3,12:30,13:30,41,41,True,3600
1099,442,,3,12:30,14:30,21,25,True,7200
1100,443,,1,15:00,17:00,22,19,False,7200
1101,443,,3,15:00,17:00,20,24,False,7200
1102,450,,0,08:30,10:30,86,98,True,7200
1103,450,,0,11:30,13:30,94,100,True,7200
1104,450,,0,12:30,14:30,21,20,True,7200
1105,450,,1,08:30,10:30,99,105,True,7200
1106,450,,1,09:30,11:30,95,101,True,7200
1107,450,,1,11:30,13:30,95,98,True,7200
1108,450,,2,08:30,10:30,20,18,True,7200
1109,450,,2,08:30,10:30,81,82,True,7200
1110,450,,2,10:30,12:30,21,20,True,7200
1111,450,,2,12:30,14:30,77,72,True,7200
1112,450,,4,08:30,10:30,75,75,True,7200
1113,450,,4,10:30,12:30,20,18,True,7200
1114,451,,0,15:00,17:00,38,33,False,7200
1115,451,,0,15:00,17:00,39,42,False,7200
1116,451,,0,17:00,18:00,39,29,False,3600
1117,451,,0,17:00,18:00,39,25,False,3600
1118,451,,0,17:00,18:00,37,39,False,3600
1119,451,,0,18:00,19:00,41,41,False,3600
1120,451,,0,18:00,20:00,40,50,False,7200
1121,451,,1,10:30,11:30,38,38,True,3600
1122,451,,1,15:00,17:00,38,38,False,7200
1123,451,,1,15:00,17:00,37,41,False,7200
1124,451,,1,17:00,18:00,37,34,False,3600
1125,451,,1,17:00,18:00,26,11,False,3600
1126,451,,1,18:00,19:00,40,54,False,3600
1127,451,,1,18:00,19:00,36,27,False,3600
1128,451,,2,15:00,16:00,36,30,False,3600
1129,451,,2,15:00,17:00,39,42,False,7200
1130,451,,2,16:00,17:00,35,36,False,3600
1131,451,,2,17:00,19:00,37,39,False,7200
1132,451,,3,12:30,13:30,43,50,True,3600
1133,451,,3,13:30,14:30,41,41,True,3600
1134,451,,3,15:00,17:00,40,50,False,7200
1135,451,,3,17:00,18:00,38,38,False,3600
1136,451,,3,17:00,19:00,38,33,False,7200
1137,451,,3,17:00,19:00,37,41,False,7200
1138,451,,3,18:00,19:00,41,50,False,3600
1139,451,,4,09:30,10:30,48,50,True,3600
1140,451,,4,11:30,12:30,39,36,True,3600
1141,451,,4,11:30,12:30,33,35,True,3600
1142,451,,4,12:30,13:30,47,51,True,3600
1143,451,,4,13:30,14:30,48,51,True,3600
1144,451,,4,15:00,17:00,37,39,False,7200
1145,451,,4,17:00,18:00,38,19,False,3600
1146,451,,4,17:00,18:00,39,25,False,3600
1147,451,,4,18:00,19:00,40,29,False,3600
1148,452,,0,15:00,16:00,36,39,False,3600
1149,452,,0,16:00,18:00,39,29,False,7200
1150,452,,0,17:00,18:00,41,40,False,3600
1151,452,,0,17:00,18:00,39,25,False,3600
1152,452,,0,18:00,19:00,38,28,False,3600
1153,452,,1,11:30,12:30,37,37,True,3600
1154,452,,1,15:00,17:00,37,32,False,7200
1155,452,,1,17:00,18:00,40,20,False,3600
1156,452,,1,18:00,19:00,37,32,False,3600
1157,452,,2,15:00,16:00,35,36,False,3600
1158,452,,2,15:00,17:00,39,29,False,7200
1159,452,,2,16:00,17:00,36,29,False,3600
1160,452,,2,17:00,19:00,37,35,False,7200
1161,452,,3,12:30,13:30,40,41,True,3600
1162,452,,3,13:30,14:30,43,48,True,3600
1163,452,,3,17:00,19:00,37,32,False,7200
1164,452,,4,10:30,11:30,38,36,True,3600
1165,452,,4,11:30,12:30,47,49,True,3600
1166,452,,4,12:30,13:30,47,50,True,3600
1167,452,,4,12:30,13:30,33,35,True,3600
1168,452,,4,13:30,14:30,47,48,True,3600
1169,452,,4,15:00,17:00,37,35,False,7200
1170,452,,4,17:00,18:00,40,28,False,3600
1171,452,,4,18:00,19:00,37,17,False,3600
1172,452,,4,18:00,19:00,39,25,False,3600
1173,453,,4,13:30,14:30,33,35,True,3600
1174,471,,0,17:00,18:00,38,71,False,3600
1175,471,,1,17:00,18:00,0,14,False,3600
1176,471,,1,17:00,19:00,38,41,False,7200
1177,471,,2,16:00,17:00,36,50,False,3600
1178,471,,2,17:00,18:00,37,22,False,3600
1179,471,,3,17:00,18:00,38,41,False,3600
1180,471,,4,17:00,19:00,37,41,False,7200
1181,472,,1,18:00,19:00,0,13,False,3600
1182,472,,2,15:00,17:00,37,44,False,7200
1183,472,,2,17:00,18:00,37,21,False,3600
1184,472,,4,17:00,19:00,37,44,False,7200
1185,511,,1,17:00,19:00,0,45,False,7200
1186,511,,2,13:30,14:30,0,45,True,3600
1187,511,,3,15:00,16:00,0,45,False,3600
1188,511,,4,16:00,17:00,0,48,False,3600
1189,611,,0,10:30,11:30,32,33,True,3600
1190,611,,0,10:30,11:30,39,37,True,3600
1191,611,,0,11:30,12:30,29,33,True,3600
1192,611,,0,17:00,18:00,24,18,False,3600
1193,611,,0,17:00,18:00,26,22,False,3600
1194,611,,0,17:00,18:00,0,18,False,3600
1195,611,,0,17:00,18:00,49,52,False,3600
1196,611,,1,10:30,11:30,31,33,True,3600
1197,611,,1,11:30,13:30,28,33,True,7200
1198,611,,1,17:00,18:00,24,18,False,3600
1199,611,,1,17:00,18:00,37,26,False,3600
1200,611,,1,17:00,18:00,25,17,False,3600
1201,611,,1,17:00,18:00,50,48,False,3600
1202,611,,1,18:00,20:00,25,24,False,7200
1203,611,,2,10:30,11:30,37,37,True,3600
1204,611,,2,17:00,18:00,27,16,False,3600
1205,611,,2,17:00,18:00,0,17,False,3600
1206,611,,2,17:00,19:00,49,49,False,7200
1207,611,,3,10:30,12:30,29,32,True,7200
1208,611,,3,10:30,12:30,31,30,True,7200
1209,611,,3,12:30,14:30,29,33,True,7200
1210,611,,3,12:30,14:30,39,32,True,7200
1211,611,,3,17:00,18:00,50,36,False,3600
1212,611,,3,17:00,18:00,45,43,False,3600
1213,611,,4,15:00,17:00,0,17,False,7200
1214,611,,4,17:00,18:00,14,13,False,3600
1215,611,,4,17:00,18:00,25,26,False,3600
1216,611,,4,17:00,19:00,22,18,False,7200
1217,611,,4,18:00,20:00,25,26,False,7200
1218,612,,0,10:30,11:30,30,32,True,3600
1219,612,,0,10:30,11:30,28,32,True,3600
1220,612,,0,11:30,12:30,39,37,True,3600
1221,612,,0,12:30,14:30,20,2,True,7200
1222,612,,0,17:00,18:00,24,17,False,3600
1223,612,,1,10:30,11:30,32,33,True,3600
1224,612,,1,17:00,18:00,24,18,False,3600
1225,612,,1,17:00,18:00,0,17,False,3600
1226,612,,1,18:00,20:00,25,24,False,7200
1227,612,,2,11:30,12:30,37,37,True,3600
1228,612,,2,12:30,14:30,28,32,True,7200
1229,612,,2,17:00,18:00,27,16,False,3600
1230,612,,2,17:00,18:00,25,16,False,3600
1231,612,,3,10:30,12:30,28,33,True,7200
1232,612,,3,10:30,12:30,38,32,True,7200
1233,612,,3,12:30,14:30,28,31,True,7200
1234,612,,3,12:30,14:30,30,30,True,7200
1235,612,,3,19:00,20:00,0,17,False,3600
1236,612,,4,15:00,17:00,22,18,False,7200
1237,612,,4,17:00,18:00,25,26,False,3600
1238,612,,4,17:00,19:00,0,17,False,7200
1239,612,,4,18:00,20:00,25,26,False,7200
1240,613,,1,12:30,14:30,19,2,True,7200
1241,614,,1,12:30,14:30,19,2,True,7200
1242,711,,2,15:00,16:00,0,47,False,3600
1243,711,,2,15:00,17:00,0,32,False,7200
1244,711,,2,16:00,17:00,0,47,False,3600
1245,711,,2,17:00,18:00,0,45,False,3600
1246,711,,2,17:00,19:00,44,46,False,7200
1247,711,,2,18:00,19:00,0,23,False,3600
1248,711,,3,14:00,16:00,0,15,True,7200
1249,711,,3,15:00,16:00,50,53,False,3600
1250,711,,3,16:00,17:00,25,27,False,3600
1251,711,,3,16:00,17:00,0,47,False,3600
1252,711,,3,17:00,18:00,0,24,False,3600
1253,711,,3,17:00,19:00,41,45,False,7200
1254,711,,3,17:00,19:00,53,49,False,7200
1255,711,,3,18:00,19:00,0,56,False,3600
1256,711,,3,18:00,20:00,0,31,False,7200
1257,711,,3,19:00,20:00,0,28,False,3600
1258,711,,4,14:00,15:00,0,23,True,3600
1259,711,,4,14:00,15:00,45,54,True,3600
1260,711,,4,14:00,16:00,51,58,True,7200
1261,711,,4,14:00,16:00,0,21,True,7200
1262,711,,4,15:00,16:00,23,27,False,3600
1263,711,,4,16:00,17:00,0,30,False,3600
1264,711,,4,16:00,17:00,0,22,False,3600
1265,711,,4,16:00,17:00,47,46,False,3600
1266,711,,4,16:00,18:00,46,55,False,7200
1267,711,,4,17:00,18:00,0,22,False,3600
1268,711,,4,17:00,18:00,24,23,False,3600
1269,711,,4,17:00,18:00,0,30,False,3600
1270,712,,2,19:00,20:00,0,22,False,3600
1271,712,,4,15:00,16:00,0,22,False,3600
1272,811,,0,08:30,09:30,0,27,True,3600
1273,811,,0,08:30,10:30,21,23,True,7200
1274,811,,0,09:30,10:30,0,27,True,3600
1275,811,,0,10:30,12:30,18,21,True,7200
1276,811,,0,12:30,13:30,32,34,True,3600
1277,811,,0,13:30,14:30,32,33,True,3600
1278,811,,0,15:00,17:00,25,13,False,7200
1279,811,,1,10:30,12:30,34,38,True,7200
1280,811,,1,12:30,13:30,32,29,True,3600
1281,811,,2,08:15,11:30,21,22,True,11700
1282,811,,2,12:30,14:30,35,36,True,7200
1283,811,,2,13:30,14:30,31,35,True,3600
1284,811,,3,10:30,11:30,37,39,True,3600
1285,811,,3,15:00,16:00,0,33,False,3600
1286,811,,3,16:00,17:00,16,17,False,3600
1287,811,,4,08:30,09:30,32,33,True,3600
1288,811,,4,08:30,09:30,0,20,True,3600
1289,811,,4,10:30,11:30,32,30,True,3600
1290,811,,4,13:30,14:30,31,33,True,3600
1291,812,,0,08:30,09:30,0,26,True,3600
1292,812,,0,08:30,10:30,20,23,True,7200
1293,812,,0,09:30,10:30,0,26,True,3600
1294,812,,0,12:30,13:30,31,32,True,3600
1295,812,,0,13:30,14:30,32,33,True,3600
1296,812,,1,12:30,14:30,34,38,True,7200
1297,812,,1,13:30,14:30,31,29,True,3600
1298,812,,2,10:30,12:30,34,36,True,7200
1299,812,,2,12:30,14:30,18,20,True,7200
1300,812,,2,13:30,14:30,31,32,True,3600
1301,812,,2,15:00,18:00,21,22,False,10800
1302,812,,3,11:30,12:30,36,38,True,3600
1303,812,,4,09:30,10:30,31,32,True,3600
1304,812,,4,09:30,10:30,0,19,True,3600
1305,812,,4,11:30,12:30,32,29,True,3600
1306,812,,4,13:30,14:30,30,34,True,3600
1307,813,,0,15:00,17:00,20,23,False,7200
1308,813,,2,08:30,11:30,20,21,True,10800
1309,813,,2,15:00,17:00,17,20,False,7200
1310,813,,4,12:30,13:30,0,19,True,3600
